建筑面积,建设年代,1990-1995年住宅面积分布,,1996-2000年住宅面积分布,,2001-2005年住宅面积分布,,2006-2010年住宅面积分布,,2011-2015年住宅面积分布,,2016-2020年住宅面积分布,,,,,
112.5,1990,112.5,1990,131.5,1996,57.8,2000,142.3,2006,178.5,2011,146.4,2016,,,,
112.1,1990,112.1,1990,127,1996,160.9,2001,126.1,2006,178.5,2011,145,2016,,,,
110.4,1990,110.4,1990,121.9,1996,158.9,2001,122.8,2006,172,2011,144.4,2016,,,,
110,1990,110,1990,116,1996,154,2001,122,2006,170.3,2011,138.2,2016,,,,
102.1,1990,102.1,1990,115.7,1996,149.2,2001,122,2006,146.1,2011,136.6,2016,,,,
102,1990,102,1990,113.4,1996,145.6,2001,121.2,2006,145.9,2011,126.2,2016,,,,
102,1990,102,1990,112.8,1996,144.7,2001,118.9,2006,143.6,2011,125,2016,,,,
101.4,1990,101.4,1990,106.3,1996,144.1,2001,118.3,2006,142.6,2011,122.7,2016,,,,
96,1990,96,1990,104.7,1996,136.8,2001,117.5,2006,136.5,2011,119.2,2016,,,,
93.5,1990,93.5,1990,103.9,1996,134.7,2001,117,2006,134,2011,119.1,2016,,,,
91.8,1990,91.8,1990,102.6,1996,128.4,2001,114.8,2006,131.9,2011,117.5,2016,,,,
91,1990,91,1990,100.2,1996,127.7,2001,114.2,2006,130,2011,112.8,2016,,,,
89.5,1990,89.5,1990,98.5,1996,126.1,2001,114,2006,127,2011,112.5,2016,,,,
89.5,1990,89.5,1990,98,1996,124.4,2001,109.7,2006,121.2,2011,110.4,2016,,,,
89.3,1990,89.3,1990,96.3,1996,124.1,2001,109.5,2006,118.5,2011,110,2016,,,,
86.3,1990,86.3,1990,96.3,1996,124.1,2001,104,2006,114.4,2011,107.4,2016,,,,
82.6,1990,82.6,1990,96.3,1996,123.7,2001,103,2006,110.8,2011,107.4,2016,,,,
82.6,1990,82.6,1990,95.9,1996,115,2001,102,2006,110,2011,107.4,2016,,,,
81.5,1990,81.5,1990,95.9,1996,113.1,2001,98.5,2006,109.8,2011,106.2,2016,,,,
80.9,1990,80.9,1990,95.8,1996,110.9,2001,98.5,2006,105.6,2011,98,2016,,,,
80.5,1990,80.5,1990,95,1996,110.3,2001,98.5,2006,104,2011,97.6,2016,,,,
80.4,1990,80.4,1990,93.9,1996,110.3,2001,98.5,2006,102.7,2011,96.7,2016,,,,
78.6,1990,78.6,1990,93.6,1996,110,2001,96.1,2006,100.8,2011,96.7,2016,,,,
76,1990,76,1990,93.3,1996,110,2001,96,2006,98,2011,96.7,2016,,,,
74.8,1990,74.8,1990,93,1996,110,2001,90.7,2006,96.9,2011,96,2016,,,,
73.1,1990,73.1,1990,93,1996,110,2001,85,2006,95,2011,96,2016,,,,
71.6,1990,71.6,1990,92.6,1996,110,2001,85,2006,95,2011,96,2016,,,,
70,1990,70,1990,91,1996,109.9,2001,83.7,2006,95,2011,93.9,2016,,,,
68,1990,68,1990,88,1996,109.6,2001,82.7,2006,95,2011,91.4,2016,,,,
67.9,1990,67.9,1990,87.2,1996,108,2001,37.1,2006,92.5,2011,91.4,2016,,,,
67.6,1990,67.6,1990,86.8,1996,107.9,2001,196.7,2007,92.4,2011,68.7,2016,,,,
67.3,1990,67.3,1990,85.9,1996,107.4,2001,162.4,2007,90,2011,68.3,2016,,,,
67,1990,67,1990,85.6,1996,107.4,2001,143.3,2007,86.3,2011,139.5,2017,,,,
62.8,1990,62.8,1990,85.2,1996,107.2,2001,139.3,2007,85.9,2011,116.6,2017,,,,
61.6,1990,61.6,1990,79.8,1996,107.2,2001,139,2007,85,2011,101,2017,,,,
60.5,1990,60.5,1990,79.8,1996,107,2001,138.3,2007,82.9,2011,99.9,2017,,,,
165,1991,165,1991,79.3,1996,106.7,2001,137.8,2007,63.9,2011,96.8,2017,,,,
101.1,1991,101.1,1991,79.1,1996,106.6,2001,136,2007,250,2012,95.2,2017,,,,
84.1,1991,84.1,1991,78.9,1996,105.6,2001,133.9,2007,235,2012,94.6,2017,,,,
82,1991,82,1991,78.9,1996,105.6,2001,130.6,2007,234,2012,94.5,2017,,,,
82,1991,82,1991,78.9,1996,105.6,2001,125.4,2007,198.2,2012,94.5,2017,,,,
79,1991,79,1991,78.3,1996,105.2,2001,123,2007,198.2,2012,93.1,2017,,,,
76.3,1991,76.3,1991,76.4,1996,105.1,2001,122,2007,165,2012,93,2017,,,,
115.7,1992,115.7,1992,76.2,1996,104.2,2001,121.8,2007,159.1,2012,92.9,2017,,,,
108.3,1992,108.3,1992,70.7,1996,101.4,2001,121.7,2007,147,2012,92.9,2017,,,,
104.2,1992,104.2,1992,70.3,1996,101.3,2001,119.2,2007,141.1,2012,91.9,2017,,,,
101.2,1992,101.2,1992,66.8,1996,100.9,2001,117,2007,139.1,2012,91.2,2017,,,,
100.4,1992,100.4,1992,208,1997,100,2001,116.5,2007,135,2012,91,2017,,,,
98,1992,98,1992,167.7,1997,99.9,2001,116,2007,131,2012,90.6,2017,,,,
98,1992,98,1992,147.7,1997,99.5,2001,116,2007,129,2012,89.7,2017,,,,
97.8,1992,97.8,1992,143.2,1997,99.3,2001,115.9,2007,129,2012,89.7,2017,,,,
97.8,1992,97.8,1992,130,1997,99.3,2001,115.1,2007,125.5,2012,89,2017,,,,
96,1992,96,1992,129,1997,99.2,2001,114.9,2007,119.6,2012,89,2017,,,,
91.3,1992,91.3,1992,129,1997,98.5,2001,111,2007,118.5,2012,86,2017,,,,
90.3,1992,90.3,1992,128,1997,97.6,2001,111,2007,114.5,2012,85.6,2017,,,,
89,1992,89,1992,114,1997,96.7,2001,110,2007,111.8,2012,82.2,2017,,,,
88,1992,88,1992,110,1997,96.1,2001,110,2007,110.5,2012,82.2,2017,,,,
86,1992,86,1992,109.3,1997,96,2001,108,2007,108.9,2012,70,2017,,,,
84.5,1992,84.5,1992,108.5,1997,95.8,2001,108,2007,106.5,2012,65,2017,,,,
81.8,1992,81.8,1992,105.7,1997,95.5,2001,108,2007,106.3,2012,55.3,2017,,,,
79.5,1992,79.5,1992,105.5,1997,95.5,2001,107.2,2007,105.6,2012,52.2,2017,,,,
71.5,1992,71.5,1992,105.1,1997,93.2,2001,99.3,2007,105.1,2012,109.8,2018,,,,
59.3,1992,59.3,1992,104.1,1997,93,2001,98,2007,104,2012,109.8,2018,,,,
58,1992,58,1992,103.2,1997,91.5,2001,97.5,2007,104,2012,109.8,2018,,,,
157.4,1993,157.4,1993,103,1997,91.2,2001,88.8,2007,103.3,2012,106.7,2018,,,,
121.3,1993,121.3,1993,102.9,1997,91,2001,87.3,2007,102,2012,99.1,2018,,,,
116.2,1993,116.2,1993,102.5,1997,90.7,2001,80.3,2007,102,2012,99.1,2018,,,,
115.6,1993,115.6,1993,100.3,1997,90.4,2001,162.6,2008,101.8,2012,98,2018,,,,
110.7,1993,110.7,1993,100.3,1997,90,2001,135.1,2008,100,2012,89.5,2018,,,,
106.3,1993,106.3,1993,99.6,1997,89.6,2001,134.6,2008,98.4,2012,89.1,2018,,,,
104,1993,104,1993,98.1,1997,89.6,2001,132.2,2008,98,2012,89,2018,,,,
101.8,1993,101.8,1993,95.4,1997,88.7,2001,124.5,2008,98,2012,89,2018,,,,
97.1,1993,97.1,1993,95.3,1997,88.3,2001,124.5,2008,97.4,2012,99.4,2019,,,,
97,1993,97,1993,95,1997,87.4,2001,121,2008,96,2012,66.2,2020,,,,
96.3,1993,96.3,1993,95,1997,86.1,2001,119.7,2008,95.5,2012,,,,,,
95.8,1993,95.8,1993,94.7,1997,85.5,2001,118,2008,95.1,2012,,,,,,
94.3,1993,94.3,1993,94.4,1997,85.5,2001,115,2008,95.1,2012,,,,,,
92.9,1993,92.9,1993,94.4,1997,85.2,2001,114.9,2008,94.9,2012,,,,,,
92.5,1993,92.5,1993,94.2,1997,85,2001,114.8,2008,94.3,2012,,,,,,
92.4,1993,92.4,1993,94.1,1997,83.5,2001,114.3,2008,94,2012,,,,,,
91.4,1993,91.4,1993,92.1,1997,83.4,2001,114.2,2008,93.9,2012,,,,,,
91,1993,91,1993,89,1997,81.9,2001,113.1,2008,93.4,2012,,,,,,
91,1993,91,1993,85.2,1997,81,2001,112.2,2008,92.5,2012,,,,,,
90.2,1993,90.2,1993,84.6,1997,79.8,2001,112,2008,92.5,2012,,,,,,
89,1993,89,1993,83.6,1997,75.3,2001,111.9,2008,91,2012,,,,,,
88.6,1993,88.6,1993,83.1,1997,75,2001,110.6,2008,89,2012,,,,,,
85,1993,85,1993,82.8,1997,74.3,2001,109.5,2008,85.6,2012,,,,,,
84.4,1993,84.4,1993,82.6,1997,63,2001,109.5,2008,84,2012,,,,,,
84.1,1993,84.1,1993,82.4,1997,56.1,2001,107.4,2008,84,2012,,,,,,
81.8,1993,81.8,1993,82.3,1997,200.6,2002,103.1,2008,70.8,2012,,,,,,
81.2,1993,81.2,1993,80.8,1997,165,2002,103,2008,300,2013,,,,,,
81.1,1993,81.1,1993,80.2,1997,144,2002,102,2008,220,2013,,,,,,
79,1993,79,1993,80.2,1997,134.7,2002,101.5,2008,157.6,2013,,,,,,
77.2,1993,77.2,1993,78.8,1997,133,2002,100,2008,157.6,2013,,,,,,
71.4,1993,71.4,1993,77.5,1997,132.5,2002,100,2008,157.6,2013,,,,,,
71.2,1993,71.2,1993,77.3,1997,129.9,2002,99.7,2008,152.7,2013,,,,,,
70.7,1993,70.7,1993,76.8,1997,127.8,2002,99.5,2008,152.7,2013,,,,,,
70.7,1993,70.7,1993,75.6,1997,121.5,2002,98.1,2008,152.7,2013,,,,,,
67.4,1993,67.4,1993,74.6,1997,114.5,2002,97.5,2008,150.6,2013,,,,,,
64.9,1993,64.9,1993,50.4,1997,113.8,2002,97.3,2008,150,2013,,,,,,
63.7,1993,63.7,1993,219.5,1998,113.3,2002,97.2,2008,147.4,2013,,,,,,
59.1,1993,59.1,1993,168.9,1998,112.5,2002,95,2008,146,2013,,,,,,
120,1994,120,1994,165.1,1998,110.2,2002,94.7,2008,146,2013,,,,,,
109.8,1994,109.8,1994,143.9,1998,110.1,2002,90.3,2008,144.2,2013,,,,,,
108.9,1994,108.9,1994,138.4,1998,108.7,2002,89.8,2008,141.1,2013,,,,,,
104.6,1994,104.6,1994,136.7,1998,108,2002,89.5,2008,140.7,2013,,,,,,
102.4,1994,102.4,1994,136.1,1998,108,2002,89,2008,136.8,2013,,,,,,
102.4,1994,102.4,1994,136.1,1998,107.7,2002,87,2008,132.9,2013,,,,,,
102,1994,102,1994,136.1,1998,106.9,2002,85,2008,132.7,2013,,,,,,
101.4,1994,101.4,1994,136.1,1998,106.5,2002,84.2,2008,116,2013,,,,,,
100,1994,100,1994,133.8,1998,105.3,2002,84.2,2008,114.9,2013,,,,,,
98.9,1994,98.9,1994,131,1998,105,2002,83.2,2008,113.6,2013,,,,,,
98.4,1994,98.4,1994,128.8,1998,104.7,2002,76.6,2008,113.2,2013,,,,,,
97.8,1994,97.8,1994,128.5,1998,104.5,2002,75.7,2008,110.2,2013,,,,,,
95.4,1994,95.4,1994,123.8,1998,102.2,2002,165,2009,110,2013,,,,,,
89,1994,89,1994,123.5,1998,101,2002,140.3,2009,107.8,2013,,,,,,
85.5,1994,85.5,1994,122,1998,100.8,2002,126.4,2009,105,2013,,,,,,
84.9,1994,84.9,1994,122,1998,100.7,2002,122.3,2009,104.4,2013,,,,,,
84.8,1994,84.8,1994,122,1998,99,2002,118,2009,104.4,2013,,,,,,
79.2,1994,79.2,1994,120,1998,98.8,2002,114.6,2009,104.3,2013,,,,,,
79.2,1994,79.2,1994,118,1998,98,2002,113,2009,104,2013,,,,,,
75.5,1994,75.5,1994,117.5,1998,98,2002,112.7,2009,104,2013,,,,,,
73.4,1994,73.4,1994,117.4,1998,97.9,2002,112.2,2009,101.7,2013,,,,,,
72.1,1994,72.1,1994,117,1998,97.1,2002,112.1,2009,101.5,2013,,,,,,
72,1994,72,1994,115.2,1998,97,2002,111.6,2009,101,2013,,,,,,
70.1,1994,70.1,1994,113.2,1998,95.6,2002,109.2,2009,101,2013,,,,,,
69.6,1994,69.6,1994,113,1998,95.5,2002,107.1,2009,100.5,2013,,,,,,
68.6,1994,68.6,1994,112,1998,94.6,2002,106.1,2009,100,2013,,,,,,
67.5,1994,67.5,1994,111.5,1998,93.7,2002,103,2009,99.6,2013,,,,,,
65.9,1994,65.9,1994,110.4,1998,93.7,2002,101,2009,99.3,2013,,,,,,
64.7,1994,64.7,1994,110.4,1998,93.6,2002,96.9,2009,99.3,2013,,,,,,
63.3,1994,63.3,1994,110,1998,91.8,2002,94.9,2009,99.2,2013,,,,,,
43,1994,43,1994,110,1998,91.5,2002,91.9,2009,99,2013,,,,,,
162.4,1995,162.4,1995,109.7,1998,88,2002,91.9,2009,98.9,2013,,,,,,
152.2,1995,152.2,1995,109.5,1998,87,2002,91.9,2009,98.8,2013,,,,,,
150,1995,150,1995,108.7,1998,87,2002,90,2009,98.3,2013,,,,,,
135.7,1995,135.7,1995,107.1,1998,86.9,2002,77.5,2009,98.3,2013,,,,,,
134.3,1995,134.3,1995,107.1,1998,86.4,2002,58.6,2009,95.9,2013,,,,,,
132.5,1995,132.5,1995,107,1998,84.2,2002,46.6,2009,94,2013,,,,,,
131.6,1995,131.6,1995,107,1998,84.2,2002,243.3,2010,94,2013,,,,,,
130,1995,130,1995,104.4,1998,83,2002,180,2010,93,2013,,,,,,
125,1995,125,1995,104,1998,83,2002,146.8,2010,92.2,2013,,,,,,
118.3,1995,118.3,1995,103.7,1998,82.6,2002,141.3,2010,92.2,2013,,,,,,
117.2,1995,117.2,1995,101.7,1998,82.1,2002,141.3,2010,91.3,2013,,,,,,
116,1995,116,1995,101,1998,79.3,2002,140.2,2010,90.4,2013,,,,,,
113.5,1995,113.5,1995,99.2,1998,77.8,2002,136.8,2010,90.3,2013,,,,,,
111,1995,111,1995,99.2,1998,75.5,2002,133,2010,90,2013,,,,,,
107.8,1995,107.8,1995,98.7,1998,70.1,2002,120,2010,87.7,2013,,,,,,
107,1995,107,1995,98,1998,10.8,2002,111.3,2010,83,2013,,,,,,
106.8,1995,106.8,1995,97.5,1998,141.4,2003,108.6,2010,82.4,2013,,,,,,
104.5,1995,104.5,1995,97,1998,141,2003,107.2,2010,82,2013,,,,,,
103.2,1995,103.2,1995,96.6,1998,134,2003,107,2010,81.7,2013,,,,,,
103,1995,103,1995,96.2,1998,132.4,2003,107,2010,81.7,2013,,,,,,
102,1995,102,1995,96,1998,129,2003,106.6,2010,79.5,2013,,,,,,
102,1995,102,1995,94.3,1998,128.7,2003,104.9,2010,79.5,2013,,,,,,
101.7,1995,101.7,1995,93.9,1998,128,2003,103.5,2010,75.1,2013,,,,,,
101,1995,101,1995,93.7,1998,121.4,2003,103.1,2010,67.2,2013,,,,,,
100.8,1995,100.8,1995,93.7,1998,120,2003,103,2010,67.2,2013,,,,,,
100.2,1995,100.2,1995,93.1,1998,118.6,2003,102.7,2010,67.2,2013,,,,,,
100,1995,100,1995,93,1998,112.6,2003,102.2,2010,67.2,2013,,,,,,
100,1995,100,1995,92,1998,112,2003,102,2010,198.1,2014,,,,,,
99.8,1995,99.8,1995,91.2,1998,111.2,2003,101.8,2010,151.9,2014,,,,,,
99.5,1995,99.5,1995,90.8,1998,110.7,2003,100,2010,144.4,2014,,,,,,
99,1995,99,1995,90.5,1998,109.9,2003,99.9,2010,137.9,2014,,,,,,
98.6,1995,98.6,1995,90.5,1998,109.7,2003,99.9,2010,134.5,2014,,,,,,
98.1,1995,98.1,1995,90,1998,109.3,2003,99.4,2010,134.5,2014,,,,,,
98.1,1995,98.1,1995,89.7,1998,109.2,2003,98.7,2010,124.1,2014,,,,,,
97.5,1995,97.5,1995,88,1998,108.1,2003,97.1,2010,120.8,2014,,,,,,
95.8,1995,95.8,1995,87.5,1998,107.5,2003,96,2010,120.1,2014,,,,,,
95.1,1995,95.1,1995,86.9,1998,107.4,2003,91.8,2010,120,2014,,,,,,
95,1995,95,1995,86.1,1998,107.3,2003,91.7,2010,118.7,2014,,,,,,
93.7,1995,93.7,1995,86,1998,107,2003,91.7,2010,118.5,2014,,,,,,
93,1995,93,1995,85.9,1998,104.6,2003,90.1,2010,118.5,2014,,,,,,
93,1995,93,1995,85.8,1998,103.4,2003,89,2010,118.1,2014,,,,,,
92.8,1995,92.8,1995,85.7,1998,102,2003,83.6,2010,118,2014,,,,,,
92.1,1995,92.1,1995,85.7,1998,101.8,2003,83,2010,118,2014,,,,,,
91.3,1995,91.3,1995,85.5,1998,101,2003,82.5,2010,118,2014,,,,,,
91.3,1995,91.3,1995,85.3,1998,99.6,2003,81.9,2010,116.5,2014,,,,,,
91.2,1995,91.2,1995,84.8,1998,96.7,2003,78.2,2010,116.5,2014,,,,,,
90.2,1995,90.2,1995,84.8,1998,95.6,2003,,,114.6,2014,,,,,,
90,1995,90,1995,84.3,1998,95.4,2003,,,113.5,2014,,,,,,
89.5,1995,89.5,1995,83,1998,94.4,2003,,,112,2014,,,,,,
89.2,1995,89.2,1995,83,1998,94.4,2003,,,98.7,2014,,,,,,
88.9,1995,88.9,1995,82.9,1998,93,2003,,,98.7,2014,,,,,,
88.1,1995,88.1,1995,82.5,1998,91.3,2003,,,98.3,2014,,,,,,
88,1995,88,1995,81.3,1998,91,2003,,,96.6,2014,,,,,,
87.9,1995,87.9,1995,81,1998,90.8,2003,,,94.5,2014,,,,,,
87.8,1995,87.8,1995,81,1998,90.4,2003,,,92.2,2014,,,,,,
87.5,1995,87.5,1995,80.1,1998,90.3,2003,,,92.2,2014,,,,,,
87.2,1995,87.2,1995,80.1,1998,90.2,2003,,,92,2014,,,,,,
86.9,1995,86.9,1995,80.1,1998,89.7,2003,,,92,2014,,,,,,
86.7,1995,86.7,1995,80,1998,89,2003,,,89.4,2014,,,,,,
86.7,1995,86.7,1995,79.7,1998,88.2,2003,,,87.6,2014,,,,,,
85.8,1995,85.8,1995,79.5,1998,87.9,2003,,,87.6,2014,,,,,,
85.5,1995,85.5,1995,79,1998,87.3,2003,,,87.5,2014,,,,,,
85.3,1995,85.3,1995,79,1998,87,2003,,,84.5,2014,,,,,,
85.3,1995,85.3,1995,79,1998,85.8,2003,,,68.3,2014,,,,,,
85.1,1995,85.1,1995,78.5,1998,85.5,2003,,,68.3,2014,,,,,,
85.1,1995,85.1,1995,78.5,1998,84,2003,,,68.3,2014,,,,,,
84.7,1995,84.7,1995,78,1998,83.7,2003,,,68.3,2014,,,,,,
83.8,1995,83.8,1995,77.3,1998,77.7,2003,,,68.3,2014,,,,,,
83.3,1995,83.3,1995,77.3,1998,77.2,2003,,,158.3,2015,,,,,,
83.1,1995,83.1,1995,77.2,1998,77.2,2003,,,146.6,2015,,,,,,
83,1995,83,1995,75.3,1998,77.2,2003,,,145.2,2015,,,,,,
82,1995,82,1995,73.8,1998,76.3,2003,,,141.7,2015,,,,,,
81.9,1995,81.9,1995,73.2,1998,74.4,2003,,,141.7,2015,,,,,,
81.8,1995,81.8,1995,73.2,1998,72.7,2003,,,141.4,2015,,,,,,
81,1995,81,1995,71.4,1998,71,2003,,,136.6,2015,,,,,,
78.4,1995,78.4,1995,70,1998,68.4,2003,,,130.5,2015,,,,,,
78,1995,78,1995,69.1,1998,145.3,2004,,,129.8,2015,,,,,,
77,1995,77,1995,68.8,1998,143.9,2004,,,127.8,2015,,,,,,
76.3,1995,76.3,1995,54,1998,142,2004,,,127.8,2015,,,,,,
75.1,1995,75.1,1995,146.7,1999,141.7,2004,,,127.8,2015,,,,,,
74.3,1995,74.3,1995,145.6,1999,138.4,2004,,,126,2015,,,,,,
74.1,1995,74.1,1995,137.5,1999,128,2004,,,125.5,2015,,,,,,
71.3,1995,71.3,1995,134,1999,127.8,2004,,,121.1,2015,,,,,,
69,1995,69,1995,130.6,1999,122,2004,,,115.4,2015,,,,,,
68.9,1995,68.9,1995,130.2,1999,121.3,2004,,,113.8,2015,,,,,,
68.1,1995,68.1,1995,129,1999,120.4,2004,,,113.8,2015,,,,,,
67.8,1995,67.8,1995,128.5,1999,120,2004,,,113.7,2015,,,,,,
67.1,1995,67.1,1995,128.1,1999,119.6,2004,,,113.2,2015,,,,,,
61.4,1995,61.4,1995,126.2,1999,118,2004,,,113,2015,,,,,,
60.3,1995,60.3,1995,118.9,1999,117.2,2004,,,110,2015,,,,,,
59.9,1995,59.9,1995,118.8,1999,117,2004,,,99.7,2015,,,,,,
57,1995,57,1995,116,1999,117,2004,,,95,2015,,,,,,
55.4,1995,55.4,1995,116,1999,116.3,2004,,,93.9,2015,,,,,,
55.4,1995,55.4,1995,115.6,1999,115.9,2004,,,93.9,2015,,,,,,
131.5,1996,,,110,1999,114,2004,,,91.9,2015,,,,,,
127,1996,,,110,1999,112.2,2004,,,91.1,2015,,,,,,
121.9,1996,,,109.9,1999,111.9,2004,,,89.5,2015,,,,,,
116,1996,,,109,1999,110.5,2004,,,89.5,2015,,,,,,
115.7,1996,,,107.8,1999,109.6,2004,,,89.5,2015,,,,,,
113.4,1996,,,106.9,1999,109.4,2004,,,89.5,2015,,,,,,
112.8,1996,,,105,1999,108,2004,,,85.8,2015,,,,,,
106.3,1996,,,103.4,1999,107.5,2004,,,78.2,2015,,,,,,
104.7,1996,,,101.6,1999,105.6,2004,,,77,2015,,,,,,
103.9,1996,,,100.7,1999,105.4,2004,,,66,2015,,,,,,
102.6,1996,,,98.7,1999,105.4,2004,,,60.2,2015,,,,,,
100.2,1996,,,97.4,1999,104.5,2004,,,60.2,2015,,,,,,
98.5,1996,,,96.8,1999,104.5,2004,,,,,,,,,,
98,1996,,,96.6,1999,104.4,2004,,,,,,,,,,
96.3,1996,,,95.6,1999,103.8,2004,,,,,,,,,,
96.3,1996,,,95.2,1999,103,2004,,,,,,,,,,
96.3,1996,,,95.1,1999,102.7,2004,,,,,,,,,,
95.9,1996,,,95,1999,102.7,2004,,,,,,,,,,
95.9,1996,,,94.7,1999,102.7,2004,,,,,,,,,,
95.8,1996,,,93.5,1999,102,2004,,,,,,,,,,
95,1996,,,90.9,1999,100.9,2004,,,,,,,,,,
93.9,1996,,,90.8,1999,100.5,2004,,,,,,,,,,
93.6,1996,,,90.4,1999,99.9,2004,,,,,,,,,,
93.3,1996,,,89.9,1999,99.6,2004,,,,,,,,,,
93,1996,,,87.7,1999,98.6,2004,,,,,,,,,,
93,1996,,,86.9,1999,98.5,2004,,,,,,,,,,
92.6,1996,,,86.7,1999,96.1,2004,,,,,,,,,,
91,1996,,,86.5,1999,96.1,2004,,,,,,,,,,
88,1996,,,86.5,1999,96.1,2004,,,,,,,,,,
87.2,1996,,,86.3,1999,95.7,2004,,,,,,,,,,
86.8,1996,,,85.4,1999,95.7,2004,,,,,,,,,,
85.9,1996,,,85,1999,95.6,2004,,,,,,,,,,
85.6,1996,,,84,1999,94.7,2004,,,,,,,,,,
85.2,1996,,,83.7,1999,94.6,2004,,,,,,,,,,
79.8,1996,,,83,1999,94.6,2004,,,,,,,,,,
79.8,1996,,,82.3,1999,94.5,2004,,,,,,,,,,
79.3,1996,,,82.1,1999,94.3,2004,,,,,,,,,,
79.1,1996,,,81.7,1999,94.1,2004,,,,,,,,,,
78.9,1996,,,81.7,1999,94,2004,,,,,,,,,,
78.9,1996,,,76.6,1999,93.3,2004,,,,,,,,,,
78.9,1996,,,76.6,1999,93,2004,,,,,,,,,,
78.3,1996,,,76.4,1999,92.9,2004,,,,,,,,,,
76.4,1996,,,76.4,1999,91.3,2004,,,,,,,,,,
76.2,1996,,,75,1999,91,2004,,,,,,,,,,
70.7,1996,,,74.9,1999,90,2004,,,,,,,,,,
70.3,1996,,,74.5,1999,88.5,2004,,,,,,,,,,
66.8,1996,,,72.1,1999,88.3,2004,,,,,,,,,,
208,1997,,,69.3,1999,86.5,2004,,,,,,,,,,
167.7,1997,,,67,1999,86,2004,,,,,,,,,,
147.7,1997,,,66.7,1999,85.9,2004,,,,,,,,,,
143.2,1997,,,66.6,1999,85.5,2004,,,,,,,,,,
130,1997,,,66.6,1999,84,2004,,,,,,,,,,
129,1997,,,66.5,1999,83.5,2004,,,,,,,,,,
129,1997,,,66.5,1999,83.3,2004,,,,,,,,,,
128,1997,,,65.6,1999,81.9,2004,,,,,,,,,,
114,1997,,,65,1999,81.5,2004,,,,,,,,,,
110,1997,,,60.9,1999,81,2004,,,,,,,,,,
109.3,1997,,,60.9,1999,81,2004,,,,,,,,,,
108.5,1997,,,60.3,1999,78,2004,,,,,,,,,,
105.7,1997,,,55.2,1999,73.9,2004,,,,,,,,,,
105.5,1997,,,47.5,1999,71.8,2004,,,,,,,,,,
105.1,1997,,,37,1999,65.1,2004,,,,,,,,,,
104.1,1997,,,213.5,2000,318,2005,,,,,,,,,,
103.2,1997,,,158.2,2000,190.9,2005,,,,,,,,,,
103,1997,,,148,2000,174.5,2005,,,,,,,,,,
102.9,1997,,,144,2000,171.1,2005,,,,,,,,,,
102.5,1997,,,136.7,2000,146.1,2005,,,,,,,,,,
100.3,1997,,,134.9,2000,143.5,2005,,,,,,,,,,
100.3,1997,,,133.6,2000,140.9,2005,,,,,,,,,,
99.6,1997,,,133.6,2000,129.4,2005,,,,,,,,,,
98.1,1997,,,133,2000,127.4,2005,,,,,,,,,,
95.4,1997,,,132.6,2000,127.3,2005,,,,,,,,,,
95.3,1997,,,131.4,2000,127.2,2005,,,,,,,,,,
95,1997,,,128.3,2000,124.8,2005,,,,,,,,,,
95,1997,,,127.3,2000,123.3,2005,,,,,,,,,,
94.7,1997,,,127.2,2000,122.3,2005,,,,,,,,,,
94.4,1997,,,126.3,2000,120.5,2005,,,,,,,,,,
94.4,1997,,,126,2000,120.4,2005,,,,,,,,,,
94.2,1997,,,125.5,2000,119.5,2005,,,,,,,,,,
94.1,1997,,,123.9,2000,118,2005,,,,,,,,,,
92.1,1997,,,120.4,2000,117.5,2005,,,,,,,,,,
89,1997,,,119.7,2000,114.6,2005,,,,,,,,,,
85.2,1997,,,119.2,2000,111.9,2005,,,,,,,,,,
84.6,1997,,,117.7,2000,110.6,2005,,,,,,,,,,
83.6,1997,,,117,2000,110.4,2005,,,,,,,,,,
83.1,1997,,,116.6,2000,110.4,2005,,,,,,,,,,
82.8,1997,,,116,2000,109,2005,,,,,,,,,,
82.6,1997,,,116,2000,108.4,2005,,,,,,,,,,
82.4,1997,,,114.6,2000,107.2,2005,,,,,,,,,,
82.3,1997,,,114,2000,107,2005,,,,,,,,,,
80.8,1997,,,114,2000,105,2005,,,,,,,,,,
80.2,1997,,,112,2000,103.1,2005,,,,,,,,,,
80.2,1997,,,111.3,2000,103.1,2005,,,,,,,,,,
78.8,1997,,,111.2,2000,102.9,2005,,,,,,,,,,
77.5,1997,,,111,2000,101,2005,,,,,,,,,,
77.3,1997,,,110,2000,100.1,2005,,,,,,,,,,
76.8,1997,,,109.3,2000,98,2005,,,,,,,,,,
75.6,1997,,,107.8,2000,98,2005,,,,,,,,,,
74.6,1997,,,107.6,2000,97.1,2005,,,,,,,,,,
50.4,1997,,,107,2000,97.1,2005,,,,,,,,,,
219.5,1998,,,107,2000,97,2005,,,,,,,,,,
168.9,1998,,,106.6,2000,96.8,2005,,,,,,,,,,
165.1,1998,,,105.9,2000,96.2,2005,,,,,,,,,,
143.9,1998,,,104.4,2000,95.7,2005,,,,,,,,,,
138.4,1998,,,103.7,2000,95.5,2005,,,,,,,,,,
136.7,1998,,,103.5,2000,95,2005,,,,,,,,,,
136.1,1998,,,103.4,2000,94.8,2005,,,,,,,,,,
136.1,1998,,,103,2000,94.6,2005,,,,,,,,,,
136.1,1998,,,102,2000,93.2,2005,,,,,,,,,,
136.1,1998,,,101.9,2000,92.3,2005,,,,,,,,,,
133.8,1998,,,101.4,2000,91.9,2005,,,,,,,,,,
131,1998,,,101.4,2000,91.7,2005,,,,,,,,,,
128.8,1998,,,101.4,2000,91.7,2005,,,,,,,,,,
128.5,1998,,,101,2000,91.5,2005,,,,,,,,,,
123.8,1998,,,101,2000,91,2005,,,,,,,,,,
123.5,1998,,,100.8,2000,89.4,2005,,,,,,,,,,
122,1998,,,100.2,2000,88.5,2005,,,,,,,,,,
122,1998,,,100.1,2000,88,2005,,,,,,,,,,
122,1998,,,99.4,2000,85.2,2005,,,,,,,,,,
120,1998,,,99.2,2000,85.2,2005,,,,,,,,,,
118,1998,,,98.5,2000,81.3,2005,,,,,,,,,,
117.5,1998,,,98,2000,79.2,2005,,,,,,,,,,
117.4,1998,,,97.8,2000,79.1,2005,,,,,,,,,,
117,1998,,,97.3,2000,78.4,2005,,,,,,,,,,
115.2,1998,,,97.1,2000,78,2005,,,,,,,,,,
113.2,1998,,,95.2,2000,77.1,2005,,,,,,,,,,
113,1998,,,95.1,2000,71.6,2005,,,,,,,,,,
112,1998,,,93.1,2000,64.4,2005,,,,,,,,,,
111.5,1998,,,92.7,2000,,,,,,,,,,,,
110.4,1998,,,92,2000,,,,,,,,,,,,
110.4,1998,,,91.4,2000,,,,,,,,,,,,
110,1998,,,91.4,2000,,,,,,,,,,,,
110,1998,,,90.9,2000,,,,,,,,,,,,
109.7,1998,,,90.8,2000,,,,,,,,,,,,
109.5,1998,,,90.6,2000,,,,,,,,,,,,
108.7,1998,,,89.4,2000,,,,,,,,,,,,
107.1,1998,,,89,2000,,,,,,,,,,,,
107.1,1998,,,88.9,2000,,,,,,,,,,,,
107,1998,,,88.9,2000,,,,,,,,,,,,
107,1998,,,88.6,2000,,,,,,,,,,,,
104.4,1998,,,88.5,2000,,,,,,,,,,,,
104,1998,,,88,2000,,,,,,,,,,,,
103.7,1998,,,87.8,2000,,,,,,,,,,,,
101.7,1998,,,87.7,2000,,,,,,,,,,,,
101,1998,,,86.9,2000,,,,,,,,,,,,
99.2,1998,,,86.7,2000,,,,,,,,,,,,
99.2,1998,,,85.9,2000,,,,,,,,,,,,
98.7,1998,,,85.4,2000,,,,,,,,,,,,
98,1998,,,83.9,2000,,,,,,,,,,,,
97.5,1998,,,83.8,2000,,,,,,,,,,,,
97,1998,,,83.4,2000,,,,,,,,,,,,
96.6,1998,,,83,2000,,,,,,,,,,,,
96.2,1998,,,82.9,2000,,,,,,,,,,,,
96,1998,,,82.8,2000,,,,,,,,,,,,
94.3,1998,,,82.4,2000,,,,,,,,,,,,
93.9,1998,,,82.4,2000,,,,,,,,,,,,
93.7,1998,,,82,2000,,,,,,,,,,,,
93.7,1998,,,81.6,2000,,,,,,,,,,,,
93.1,1998,,,80.6,2000,,,,,,,,,,,,
93,1998,,,80.3,2000,,,,,,,,,,,,
92,1998,,,79.8,2000,,,,,,,,,,,,
91.2,1998,,,79.7,2000,,,,,,,,,,,,
90.8,1998,,,79.2,2000,,,,,,,,,,,,
90.5,1998,,,78.8,2000,,,,,,,,,,,,
90.5,1998,,,78.7,2000,,,,,,,,,,,,
90,1998,,,78.7,2000,,,,,,,,,,,,
89.7,1998,,,78,2000,,,,,,,,,,,,
88,1998,,,78,2000,,,,,,,,,,,,
87.5,1998,,,77.8,2000,,,,,,,,,,,,
86.9,1998,,,76.2,2000,,,,,,,,,,,,
86.1,1998,,,73.1,2000,,,,,,,,,,,,
86,1998,,,69.6,2000,,,,,,,,,,,,
85.9,1998,,,69.5,2000,,,,,,,,,,,,
85.8,1998,,,63.6,2000,,,,,,,,,,,,
85.7,1998,,,,,,,,,,,,,,,,
85.7,1998,,,,,,,,,,,,,,,,
85.5,1998,,,,,,,,,,,,,,,,
85.3,1998,,,,,,,,,,,,,,,,
84.8,1998,,,,,,,,,,,,,,,,
84.8,1998,,,,,,,,,,,,,,,,
84.3,1998,,,,,,,,,,,,,,,,
83,1998,,,,,,,,,,,,,,,,
83,1998,,,,,,,,,,,,,,,,
82.9,1998,,,,,,,,,,,,,,,,
82.5,1998,,,,,,,,,,,,,,,,
81.3,1998,,,,,,,,,,,,,,,,
81,1998,,,,,,,,,,,,,,,,
81,1998,,,,,,,,,,,,,,,,
80.1,1998,,,,,,,,,,,,,,,,
80.1,1998,,,,,,,,,,,,,,,,
80.1,1998,,,,,,,,,,,,,,,,
80,1998,,,,,,,,,,,,,,,,
79.7,1998,,,,,,,,,,,,,,,,
79.5,1998,,,,,,,,,,,,,,,,
79,1998,,,,,,,,,,,,,,,,
79,1998,,,,,,,,,,,,,,,,
79,1998,,,,,,,,,,,,,,,,
78.5,1998,,,,,,,,,,,,,,,,
78.5,1998,,,,,,,,,,,,,,,,
78,1998,,,,,,,,,,,,,,,,
77.3,1998,,,,,,,,,,,,,,,,
77.3,1998,,,,,,,,,,,,,,,,
77.2,1998,,,,,,,,,,,,,,,,
75.3,1998,,,,,,,,,,,,,,,,
73.8,1998,,,,,,,,,,,,,,,,
73.2,1998,,,,,,,,,,,,,,,,
73.2,1998,,,,,,,,,,,,,,,,
71.4,1998,,,,,,,,,,,,,,,,
70,1998,,,,,,,,,,,,,,,,
69.1,1998,,,,,,,,,,,,,,,,
68.8,1998,,,,,,,,,,,,,,,,
54,1998,,,,,,,,,,,,,,,,
146.7,1999,,,,,,,,,,,,,,,,
145.6,1999,,,,,,,,,,,,,,,,
137.5,1999,,,,,,,,,,,,,,,,
134,1999,,,,,,,,,,,,,,,,
130.6,1999,,,,,,,,,,,,,,,,
130.2,1999,,,,,,,,,,,,,,,,
129,1999,,,,,,,,,,,,,,,,
128.5,1999,,,,,,,,,,,,,,,,
128.1,1999,,,,,,,,,,,,,,,,
126.2,1999,,,,,,,,,,,,,,,,
118.9,1999,,,,,,,,,,,,,,,,
118.8,1999,,,,,,,,,,,,,,,,
116,1999,,,,,,,,,,,,,,,,
116,1999,,,,,,,,,,,,,,,,
115.6,1999,,,,,,,,,,,,,,,,
110,1999,,,,,,,,,,,,,,,,
110,1999,,,,,,,,,,,,,,,,
109.9,1999,,,,,,,,,,,,,,,,
109,1999,,,,,,,,,,,,,,,,
107.8,1999,,,,,,,,,,,,,,,,
106.9,1999,,,,,,,,,,,,,,,,
105,1999,,,,,,,,,,,,,,,,
103.4,1999,,,,,,,,,,,,,,,,
101.6,1999,,,,,,,,,,,,,,,,
100.7,1999,,,,,,,,,,,,,,,,
98.7,1999,,,,,,,,,,,,,,,,
97.4,1999,,,,,,,,,,,,,,,,
96.8,1999,,,,,,,,,,,,,,,,
96.6,1999,,,,,,,,,,,,,,,,
95.6,1999,,,,,,,,,,,,,,,,
95.2,1999,,,,,,,,,,,,,,,,
95.1,1999,,,,,,,,,,,,,,,,
95,1999,,,,,,,,,,,,,,,,
94.7,1999,,,,,,,,,,,,,,,,
93.5,1999,,,,,,,,,,,,,,,,
90.9,1999,,,,,,,,,,,,,,,,
90.8,1999,,,,,,,,,,,,,,,,
90.4,1999,,,,,,,,,,,,,,,,
89.9,1999,,,,,,,,,,,,,,,,
87.7,1999,,,,,,,,,,,,,,,,
86.9,1999,,,,,,,,,,,,,,,,
86.7,1999,,,,,,,,,,,,,,,,
86.5,1999,,,,,,,,,,,,,,,,
86.5,1999,,,,,,,,,,,,,,,,
86.3,1999,,,,,,,,,,,,,,,,
85.4,1999,,,,,,,,,,,,,,,,
85,1999,,,,,,,,,,,,,,,,
84,1999,,,,,,,,,,,,,,,,
83.7,1999,,,,,,,,,,,,,,,,
83,1999,,,,,,,,,,,,,,,,
82.3,1999,,,,,,,,,,,,,,,,
82.1,1999,,,,,,,,,,,,,,,,
81.7,1999,,,,,,,,,,,,,,,,
81.7,1999,,,,,,,,,,,,,,,,
76.6,1999,,,,,,,,,,,,,,,,
76.6,1999,,,,,,,,,,,,,,,,
76.4,1999,,,,,,,,,,,,,,,,
76.4,1999,,,,,,,,,,,,,,,,
75,1999,,,,,,,,,,,,,,,,
74.9,1999,,,,,,,,,,,,,,,,
74.5,1999,,,,,,,,,,,,,,,,
72.1,1999,,,,,,,,,,,,,,,,
69.3,1999,,,,,,,,,,,,,,,,
67,1999,,,,,,,,,,,,,,,,
66.7,1999,,,,,,,,,,,,,,,,
66.6,1999,,,,,,,,,,,,,,,,
66.6,1999,,,,,,,,,,,,,,,,
66.5,1999,,,,,,,,,,,,,,,,
66.5,1999,,,,,,,,,,,,,,,,
65.6,1999,,,,,,,,,,,,,,,,
65,1999,,,,,,,,,,,,,,,,
60.9,1999,,,,,,,,,,,,,,,,
60.9,1999,,,,,,,,,,,,,,,,
60.3,1999,,,,,,,,,,,,,,,,
55.2,1999,,,,,,,,,,,,,,,,
47.5,1999,,,,,,,,,,,,,,,,
37,1999,,,,,,,,,,,,,,,,
213.5,2000,,,,,,,,,,,,,,,,
158.2,2000,,,,,,,,,,,,,,,,
148,2000,,,,,,,,,,,,,,,,
144,2000,,,,,,,,,,,,,,,,
136.7,2000,,,,,,,,,,,,,,,,
134.9,2000,,,,,,,,,,,,,,,,
133.6,2000,,,,,,,,,,,,,,,,
133.6,2000,,,,,,,,,,,,,,,,
133,2000,,,,,,,,,,,,,,,,
132.6,2000,,,,,,,,,,,,,,,,
131.4,2000,,,,,,,,,,,,,,,,
128.3,2000,,,,,,,,,,,,,,,,
127.3,2000,,,,,,,,,,,,,,,,
127.2,2000,,,,,,,,,,,,,,,,
126.3,2000,,,,,,,,,,,,,,,,
126,2000,,,,,,,,,,,,,,,,
125.5,2000,,,,,,,,,,,,,,,,
123.9,2000,,,,,,,,,,,,,,,,
120.4,2000,,,,,,,,,,,,,,,,
119.7,2000,,,,,,,,,,,,,,,,
119.2,2000,,,,,,,,,,,,,,,,
117.7,2000,,,,,,,,,,,,,,,,
117,2000,,,,,,,,,,,,,,,,
116.6,2000,,,,,,,,,,,,,,,,
116,2000,,,,,,,,,,,,,,,,
116,2000,,,,,,,,,,,,,,,,
114.6,2000,,,,,,,,,,,,,,,,
114,2000,,,,,,,,,,,,,,,,
114,2000,,,,,,,,,,,,,,,,
112,2000,,,,,,,,,,,,,,,,
111.3,2000,,,,,,,,,,,,,,,,
111.2,2000,,,,,,,,,,,,,,,,
111,2000,,,,,,,,,,,,,,,,
110,2000,,,,,,,,,,,,,,,,
109.3,2000,,,,,,,,,,,,,,,,
107.8,2000,,,,,,,,,,,,,,,,
107.6,2000,,,,,,,,,,,,,,,,
107,2000,,,,,,,,,,,,,,,,
107,2000,,,,,,,,,,,,,,,,
106.6,2000,,,,,,,,,,,,,,,,
105.9,2000,,,,,,,,,,,,,,,,
104.4,2000,,,,,,,,,,,,,,,,
103.7,2000,,,,,,,,,,,,,,,,
103.5,2000,,,,,,,,,,,,,,,,
103.4,2000,,,,,,,,,,,,,,,,
103,2000,,,,,,,,,,,,,,,,
102,2000,,,,,,,,,,,,,,,,
101.9,2000,,,,,,,,,,,,,,,,
101.4,2000,,,,,,,,,,,,,,,,
101.4,2000,,,,,,,,,,,,,,,,
101.4,2000,,,,,,,,,,,,,,,,
101,2000,,,,,,,,,,,,,,,,
101,2000,,,,,,,,,,,,,,,,
100.8,2000,,,,,,,,,,,,,,,,
100.2,2000,,,,,,,,,,,,,,,,
100.1,2000,,,,,,,,,,,,,,,,
99.4,2000,,,,,,,,,,,,,,,,
99.2,2000,,,,,,,,,,,,,,,,
98.5,2000,,,,,,,,,,,,,,,,
98,2000,,,,,,,,,,,,,,,,
97.8,2000,,,,,,,,,,,,,,,,
97.3,2000,,,,,,,,,,,,,,,,
97.1,2000,,,,,,,,,,,,,,,,
95.2,2000,,,,,,,,,,,,,,,,
95.1,2000,,,,,,,,,,,,,,,,
93.1,2000,,,,,,,,,,,,,,,,
92.7,2000,,,,,,,,,,,,,,,,
92,2000,,,,,,,,,,,,,,,,
91.4,2000,,,,,,,,,,,,,,,,
91.4,2000,,,,,,,,,,,,,,,,
90.9,2000,,,,,,,,,,,,,,,,
90.8,2000,,,,,,,,,,,,,,,,
90.6,2000,,,,,,,,,,,,,,,,
89.4,2000,,,,,,,,,,,,,,,,
89,2000,,,,,,,,,,,,,,,,
88.9,2000,,,,,,,,,,,,,,,,
88.9,2000,,,,,,,,,,,,,,,,
88.6,2000,,,,,,,,,,,,,,,,
88.5,2000,,,,,,,,,,,,,,,,
88,2000,,,,,,,,,,,,,,,,
87.8,2000,,,,,,,,,,,,,,,,
87.7,2000,,,,,,,,,,,,,,,,
86.9,2000,,,,,,,,,,,,,,,,
86.7,2000,,,,,,,,,,,,,,,,
85.9,2000,,,,,,,,,,,,,,,,
85.4,2000,,,,,,,,,,,,,,,,
83.9,2000,,,,,,,,,,,,,,,,
83.8,2000,,,,,,,,,,,,,,,,
83.4,2000,,,,,,,,,,,,,,,,
83,2000,,,,,,,,,,,,,,,,
82.9,2000,,,,,,,,,,,,,,,,
82.8,2000,,,,,,,,,,,,,,,,
82.4,2000,,,,,,,,,,,,,,,,
82.4,2000,,,,,,,,,,,,,,,,
82,2000,,,,,,,,,,,,,,,,
81.6,2000,,,,,,,,,,,,,,,,
80.6,2000,,,,,,,,,,,,,,,,
80.3,2000,,,,,,,,,,,,,,,,
79.8,2000,,,,,,,,,,,,,,,,
79.7,2000,,,,,,,,,,,,,,,,
79.2,2000,,,,,,,,,,,,,,,,
78.8,2000,,,,,,,,,,,,,,,,
78.7,2000,,,,,,,,,,,,,,,,
78.7,2000,,,,,,,,,,,,,,,,
78,2000,,,,,,,,,,,,,,,,
78,2000,,,,,,,,,,,,,,,,
77.8,2000,,,,,,,,,,,,,,,,
76.2,2000,,,,,,,,,,,,,,,,
73.1,2000,,,,,,,,,,,,,,,,
69.6,2000,,,,,,,,,,,,,,,,
69.5,2000,,,,,,,,,,,,,,,,
63.6,2000,,,,,,,,,,,,,,,,
57.8,2000,,,,,,,,,,,,,,,,
160.9,2001,,,,,,,,,,,,,,,,
158.9,2001,,,,,,,,,,,,,,,,
154,2001,,,,,,,,,,,,,,,,
149.2,2001,,,,,,,,,,,,,,,,
145.6,2001,,,,,,,,,,,,,,,,
144.7,2001,,,,,,,,,,,,,,,,
144.1,2001,,,,,,,,,,,,,,,,
136.8,2001,,,,,,,,,,,,,,,,
134.7,2001,,,,,,,,,,,,,,,,
128.4,2001,,,,,,,,,,,,,,,,
127.7,2001,,,,,,,,,,,,,,,,
126.1,2001,,,,,,,,,,,,,,,,
124.4,2001,,,,,,,,,,,,,,,,
124.1,2001,,,,,,,,,,,,,,,,
124.1,2001,,,,,,,,,,,,,,,,
123.7,2001,,,,,,,,,,,,,,,,
115,2001,,,,,,,,,,,,,,,,
113.1,2001,,,,,,,,,,,,,,,,
110.9,2001,,,,,,,,,,,,,,,,
110.3,2001,,,,,,,,,,,,,,,,
110.3,2001,,,,,,,,,,,,,,,,
110,2001,,,,,,,,,,,,,,,,
110,2001,,,,,,,,,,,,,,,,
110,2001,,,,,,,,,,,,,,,,
110,2001,,,,,,,,,,,,,,,,
110,2001,,,,,,,,,,,,,,,,
109.9,2001,,,,,,,,,,,,,,,,
109.6,2001,,,,,,,,,,,,,,,,
108,2001,,,,,,,,,,,,,,,,
107.9,2001,,,,,,,,,,,,,,,,
107.4,2001,,,,,,,,,,,,,,,,
107.4,2001,,,,,,,,,,,,,,,,
107.2,2001,,,,,,,,,,,,,,,,
107.2,2001,,,,,,,,,,,,,,,,
107,2001,,,,,,,,,,,,,,,,
106.7,2001,,,,,,,,,,,,,,,,
106.6,2001,,,,,,,,,,,,,,,,
105.6,2001,,,,,,,,,,,,,,,,
105.6,2001,,,,,,,,,,,,,,,,
105.6,2001,,,,,,,,,,,,,,,,
105.2,2001,,,,,,,,,,,,,,,,
105.1,2001,,,,,,,,,,,,,,,,
104.2,2001,,,,,,,,,,,,,,,,
101.4,2001,,,,,,,,,,,,,,,,
101.3,2001,,,,,,,,,,,,,,,,
100.9,2001,,,,,,,,,,,,,,,,
100,2001,,,,,,,,,,,,,,,,
99.9,2001,,,,,,,,,,,,,,,,
99.5,2001,,,,,,,,,,,,,,,,
99.3,2001,,,,,,,,,,,,,,,,
99.3,2001,,,,,,,,,,,,,,,,
99.2,2001,,,,,,,,,,,,,,,,
98.5,2001,,,,,,,,,,,,,,,,
97.6,2001,,,,,,,,,,,,,,,,
96.7,2001,,,,,,,,,,,,,,,,
96.1,2001,,,,,,,,,,,,,,,,
96,2001,,,,,,,,,,,,,,,,
95.8,2001,,,,,,,,,,,,,,,,
95.5,2001,,,,,,,,,,,,,,,,
95.5,2001,,,,,,,,,,,,,,,,
93.2,2001,,,,,,,,,,,,,,,,
93,2001,,,,,,,,,,,,,,,,
91.5,2001,,,,,,,,,,,,,,,,
91.2,2001,,,,,,,,,,,,,,,,
91,2001,,,,,,,,,,,,,,,,
90.7,2001,,,,,,,,,,,,,,,,
90.4,2001,,,,,,,,,,,,,,,,
90,2001,,,,,,,,,,,,,,,,
89.6,2001,,,,,,,,,,,,,,,,
89.6,2001,,,,,,,,,,,,,,,,
88.7,2001,,,,,,,,,,,,,,,,
88.3,2001,,,,,,,,,,,,,,,,
87.4,2001,,,,,,,,,,,,,,,,
86.1,2001,,,,,,,,,,,,,,,,
85.5,2001,,,,,,,,,,,,,,,,
85.5,2001,,,,,,,,,,,,,,,,
85.2,2001,,,,,,,,,,,,,,,,
85,2001,,,,,,,,,,,,,,,,
83.5,2001,,,,,,,,,,,,,,,,
83.4,2001,,,,,,,,,,,,,,,,
81.9,2001,,,,,,,,,,,,,,,,
81,2001,,,,,,,,,,,,,,,,
79.8,2001,,,,,,,,,,,,,,,,
75.3,2001,,,,,,,,,,,,,,,,
75,2001,,,,,,,,,,,,,,,,
74.3,2001,,,,,,,,,,,,,,,,
63,2001,,,,,,,,,,,,,,,,
56.1,2001,,,,,,,,,,,,,,,,
200.6,2002,,,,,,,,,,,,,,,,
165,2002,,,,,,,,,,,,,,,,
144,2002,,,,,,,,,,,,,,,,
134.7,2002,,,,,,,,,,,,,,,,
133,2002,,,,,,,,,,,,,,,,
132.5,2002,,,,,,,,,,,,,,,,
129.9,2002,,,,,,,,,,,,,,,,
127.8,2002,,,,,,,,,,,,,,,,
121.5,2002,,,,,,,,,,,,,,,,
114.5,2002,,,,,,,,,,,,,,,,
113.8,2002,,,,,,,,,,,,,,,,
113.3,2002,,,,,,,,,,,,,,,,
112.5,2002,,,,,,,,,,,,,,,,
110.2,2002,,,,,,,,,,,,,,,,
110.1,2002,,,,,,,,,,,,,,,,
108.7,2002,,,,,,,,,,,,,,,,
108,2002,,,,,,,,,,,,,,,,
108,2002,,,,,,,,,,,,,,,,
107.7,2002,,,,,,,,,,,,,,,,
106.9,2002,,,,,,,,,,,,,,,,
106.5,2002,,,,,,,,,,,,,,,,
105.3,2002,,,,,,,,,,,,,,,,
105,2002,,,,,,,,,,,,,,,,
104.7,2002,,,,,,,,,,,,,,,,
104.5,2002,,,,,,,,,,,,,,,,
102.2,2002,,,,,,,,,,,,,,,,
101,2002,,,,,,,,,,,,,,,,
100.8,2002,,,,,,,,,,,,,,,,
100.7,2002,,,,,,,,,,,,,,,,
99,2002,,,,,,,,,,,,,,,,
98.8,2002,,,,,,,,,,,,,,,,
98,2002,,,,,,,,,,,,,,,,
98,2002,,,,,,,,,,,,,,,,
97.9,2002,,,,,,,,,,,,,,,,
97.1,2002,,,,,,,,,,,,,,,,
97,2002,,,,,,,,,,,,,,,,
95.6,2002,,,,,,,,,,,,,,,,
95.5,2002,,,,,,,,,,,,,,,,
94.6,2002,,,,,,,,,,,,,,,,
93.7,2002,,,,,,,,,,,,,,,,
93.7,2002,,,,,,,,,,,,,,,,
93.6,2002,,,,,,,,,,,,,,,,
91.8,2002,,,,,,,,,,,,,,,,
91.5,2002,,,,,,,,,,,,,,,,
88,2002,,,,,,,,,,,,,,,,
87,2002,,,,,,,,,,,,,,,,
87,2002,,,,,,,,,,,,,,,,
86.9,2002,,,,,,,,,,,,,,,,
86.4,2002,,,,,,,,,,,,,,,,
84.2,2002,,,,,,,,,,,,,,,,
84.2,2002,,,,,,,,,,,,,,,,
83,2002,,,,,,,,,,,,,,,,
83,2002,,,,,,,,,,,,,,,,
82.6,2002,,,,,,,,,,,,,,,,
82.1,2002,,,,,,,,,,,,,,,,
79.3,2002,,,,,,,,,,,,,,,,
77.8,2002,,,,,,,,,,,,,,,,
75.5,2002,,,,,,,,,,,,,,,,
70.1,2002,,,,,,,,,,,,,,,,
10.8,2002,,,,,,,,,,,,,,,,
141.4,2003,,,,,,,,,,,,,,,,
141,2003,,,,,,,,,,,,,,,,
134,2003,,,,,,,,,,,,,,,,
132.4,2003,,,,,,,,,,,,,,,,
129,2003,,,,,,,,,,,,,,,,
128.7,2003,,,,,,,,,,,,,,,,
128,2003,,,,,,,,,,,,,,,,
121.4,2003,,,,,,,,,,,,,,,,
120,2003,,,,,,,,,,,,,,,,
118.6,2003,,,,,,,,,,,,,,,,
112.6,2003,,,,,,,,,,,,,,,,
112,2003,,,,,,,,,,,,,,,,
111.2,2003,,,,,,,,,,,,,,,,
110.7,2003,,,,,,,,,,,,,,,,
109.9,2003,,,,,,,,,,,,,,,,
109.7,2003,,,,,,,,,,,,,,,,
109.3,2003,,,,,,,,,,,,,,,,
109.2,2003,,,,,,,,,,,,,,,,
108.1,2003,,,,,,,,,,,,,,,,
107.5,2003,,,,,,,,,,,,,,,,
107.4,2003,,,,,,,,,,,,,,,,
107.3,2003,,,,,,,,,,,,,,,,
107,2003,,,,,,,,,,,,,,,,
104.6,2003,,,,,,,,,,,,,,,,
103.4,2003,,,,,,,,,,,,,,,,
102,2003,,,,,,,,,,,,,,,,
101.8,2003,,,,,,,,,,,,,,,,
101,2003,,,,,,,,,,,,,,,,
99.6,2003,,,,,,,,,,,,,,,,
96.7,2003,,,,,,,,,,,,,,,,
95.6,2003,,,,,,,,,,,,,,,,
95.4,2003,,,,,,,,,,,,,,,,
94.4,2003,,,,,,,,,,,,,,,,
94.4,2003,,,,,,,,,,,,,,,,
93,2003,,,,,,,,,,,,,,,,
91.3,2003,,,,,,,,,,,,,,,,
91,2003,,,,,,,,,,,,,,,,
90.8,2003,,,,,,,,,,,,,,,,
90.4,2003,,,,,,,,,,,,,,,,
90.3,2003,,,,,,,,,,,,,,,,
90.2,2003,,,,,,,,,,,,,,,,
89.7,2003,,,,,,,,,,,,,,,,
89,2003,,,,,,,,,,,,,,,,
88.2,2003,,,,,,,,,,,,,,,,
87.9,2003,,,,,,,,,,,,,,,,
87.3,2003,,,,,,,,,,,,,,,,
87,2003,,,,,,,,,,,,,,,,
85.8,2003,,,,,,,,,,,,,,,,
85.5,2003,,,,,,,,,,,,,,,,
84,2003,,,,,,,,,,,,,,,,
83.7,2003,,,,,,,,,,,,,,,,
77.7,2003,,,,,,,,,,,,,,,,
77.2,2003,,,,,,,,,,,,,,,,
77.2,2003,,,,,,,,,,,,,,,,
77.2,2003,,,,,,,,,,,,,,,,
76.3,2003,,,,,,,,,,,,,,,,
74.4,2003,,,,,,,,,,,,,,,,
72.7,2003,,,,,,,,,,,,,,,,
71,2003,,,,,,,,,,,,,,,,
68.4,2003,,,,,,,,,,,,,,,,
145.3,2004,,,,,,,,,,,,,,,,
143.9,2004,,,,,,,,,,,,,,,,
142,2004,,,,,,,,,,,,,,,,
141.7,2004,,,,,,,,,,,,,,,,
138.4,2004,,,,,,,,,,,,,,,,
128,2004,,,,,,,,,,,,,,,,
127.8,2004,,,,,,,,,,,,,,,,
122,2004,,,,,,,,,,,,,,,,
121.3,2004,,,,,,,,,,,,,,,,
120.4,2004,,,,,,,,,,,,,,,,
120,2004,,,,,,,,,,,,,,,,
119.6,2004,,,,,,,,,,,,,,,,
118,2004,,,,,,,,,,,,,,,,
117.2,2004,,,,,,,,,,,,,,,,
117,2004,,,,,,,,,,,,,,,,
117,2004,,,,,,,,,,,,,,,,
116.3,2004,,,,,,,,,,,,,,,,
115.9,2004,,,,,,,,,,,,,,,,
114,2004,,,,,,,,,,,,,,,,
112.2,2004,,,,,,,,,,,,,,,,
111.9,2004,,,,,,,,,,,,,,,,
110.5,2004,,,,,,,,,,,,,,,,
109.6,2004,,,,,,,,,,,,,,,,
109.4,2004,,,,,,,,,,,,,,,,
108,2004,,,,,,,,,,,,,,,,
107.5,2004,,,,,,,,,,,,,,,,
105.6,2004,,,,,,,,,,,,,,,,
105.4,2004,,,,,,,,,,,,,,,,
105.4,2004,,,,,,,,,,,,,,,,
104.5,2004,,,,,,,,,,,,,,,,
104.5,2004,,,,,,,,,,,,,,,,
104.4,2004,,,,,,,,,,,,,,,,
103.8,2004,,,,,,,,,,,,,,,,
103,2004,,,,,,,,,,,,,,,,
102.7,2004,,,,,,,,,,,,,,,,
102.7,2004,,,,,,,,,,,,,,,,
102.7,2004,,,,,,,,,,,,,,,,
102,2004,,,,,,,,,,,,,,,,
100.9,2004,,,,,,,,,,,,,,,,
100.5,2004,,,,,,,,,,,,,,,,
99.9,2004,,,,,,,,,,,,,,,,
99.6,2004,,,,,,,,,,,,,,,,
98.6,2004,,,,,,,,,,,,,,,,
98.5,2004,,,,,,,,,,,,,,,,
96.1,2004,,,,,,,,,,,,,,,,
96.1,2004,,,,,,,,,,,,,,,,
96.1,2004,,,,,,,,,,,,,,,,
95.7,2004,,,,,,,,,,,,,,,,
95.7,2004,,,,,,,,,,,,,,,,
95.6,2004,,,,,,,,,,,,,,,,
94.7,2004,,,,,,,,,,,,,,,,
94.6,2004,,,,,,,,,,,,,,,,
94.6,2004,,,,,,,,,,,,,,,,
94.5,2004,,,,,,,,,,,,,,,,
94.3,2004,,,,,,,,,,,,,,,,
94.1,2004,,,,,,,,,,,,,,,,
94,2004,,,,,,,,,,,,,,,,
93.3,2004,,,,,,,,,,,,,,,,
93,2004,,,,,,,,,,,,,,,,
92.9,2004,,,,,,,,,,,,,,,,
91.3,2004,,,,,,,,,,,,,,,,
91,2004,,,,,,,,,,,,,,,,
90,2004,,,,,,,,,,,,,,,,
88.5,2004,,,,,,,,,,,,,,,,
88.3,2004,,,,,,,,,,,,,,,,
86.5,2004,,,,,,,,,,,,,,,,
86,2004,,,,,,,,,,,,,,,,
85.9,2004,,,,,,,,,,,,,,,,
85.5,2004,,,,,,,,,,,,,,,,
84,2004,,,,,,,,,,,,,,,,
83.5,2004,,,,,,,,,,,,,,,,
83.3,2004,,,,,,,,,,,,,,,,
81.9,2004,,,,,,,,,,,,,,,,
81.5,2004,,,,,,,,,,,,,,,,
81,2004,,,,,,,,,,,,,,,,
81,2004,,,,,,,,,,,,,,,,
78,2004,,,,,,,,,,,,,,,,
73.9,2004,,,,,,,,,,,,,,,,
71.8,2004,,,,,,,,,,,,,,,,
65.1,2004,,,,,,,,,,,,,,,,
318,2005,,,,,,,,,,,,,,,,
190.9,2005,,,,,,,,,,,,,,,,
174.5,2005,,,,,,,,,,,,,,,,
171.1,2005,,,,,,,,,,,,,,,,
146.1,2005,,,,,,,,,,,,,,,,
143.5,2005,,,,,,,,,,,,,,,,
140.9,2005,,,,,,,,,,,,,,,,
129.4,2005,,,,,,,,,,,,,,,,
127.4,2005,,,,,,,,,,,,,,,,
127.3,2005,,,,,,,,,,,,,,,,
127.2,2005,,,,,,,,,,,,,,,,
124.8,2005,,,,,,,,,,,,,,,,
123.3,2005,,,,,,,,,,,,,,,,
122.3,2005,,,,,,,,,,,,,,,,
120.5,2005,,,,,,,,,,,,,,,,
120.4,2005,,,,,,,,,,,,,,,,
119.5,2005,,,,,,,,,,,,,,,,
118,2005,,,,,,,,,,,,,,,,
117.5,2005,,,,,,,,,,,,,,,,
114.6,2005,,,,,,,,,,,,,,,,
111.9,2005,,,,,,,,,,,,,,,,
110.6,2005,,,,,,,,,,,,,,,,
110.4,2005,,,,,,,,,,,,,,,,
110.4,2005,,,,,,,,,,,,,,,,
109,2005,,,,,,,,,,,,,,,,
108.4,2005,,,,,,,,,,,,,,,,
107.2,2005,,,,,,,,,,,,,,,,
107,2005,,,,,,,,,,,,,,,,
105,2005,,,,,,,,,,,,,,,,
103.1,2005,,,,,,,,,,,,,,,,
103.1,2005,,,,,,,,,,,,,,,,
102.9,2005,,,,,,,,,,,,,,,,
101,2005,,,,,,,,,,,,,,,,
100.1,2005,,,,,,,,,,,,,,,,
98,2005,,,,,,,,,,,,,,,,
98,2005,,,,,,,,,,,,,,,,
97.1,2005,,,,,,,,,,,,,,,,
97.1,2005,,,,,,,,,,,,,,,,
97,2005,,,,,,,,,,,,,,,,
96.8,2005,,,,,,,,,,,,,,,,
96.2,2005,,,,,,,,,,,,,,,,
95.7,2005,,,,,,,,,,,,,,,,
95.5,2005,,,,,,,,,,,,,,,,
95,2005,,,,,,,,,,,,,,,,
94.8,2005,,,,,,,,,,,,,,,,
94.6,2005,,,,,,,,,,,,,,,,
93.2,2005,,,,,,,,,,,,,,,,
92.3,2005,,,,,,,,,,,,,,,,
91.9,2005,,,,,,,,,,,,,,,,
91.7,2005,,,,,,,,,,,,,,,,
91.7,2005,,,,,,,,,,,,,,,,
91.5,2005,,,,,,,,,,,,,,,,
91,2005,,,,,,,,,,,,,,,,
89.4,2005,,,,,,,,,,,,,,,,
88.5,2005,,,,,,,,,,,,,,,,
88,2005,,,,,,,,,,,,,,,,
85.2,2005,,,,,,,,,,,,,,,,
85.2,2005,,,,,,,,,,,,,,,,
81.3,2005,,,,,,,,,,,,,,,,
79.2,2005,,,,,,,,,,,,,,,,
79.1,2005,,,,,,,,,,,,,,,,
78.4,2005,,,,,,,,,,,,,,,,
78,2005,,,,,,,,,,,,,,,,
77.1,2005,,,,,,,,,,,,,,,,
71.6,2005,,,,,,,,,,,,,,,,
64.4,2005,,,,,,,,,,,,,,,,
142.3,2006,,,,,,,,,,,,,,,,
126.1,2006,,,,,,,,,,,,,,,,
122.8,2006,,,,,,,,,,,,,,,,
122,2006,,,,,,,,,,,,,,,,
122,2006,,,,,,,,,,,,,,,,
121.2,2006,,,,,,,,,,,,,,,,
118.9,2006,,,,,,,,,,,,,,,,
118.3,2006,,,,,,,,,,,,,,,,
117.5,2006,,,,,,,,,,,,,,,,
117,2006,,,,,,,,,,,,,,,,
114.8,2006,,,,,,,,,,,,,,,,
114.2,2006,,,,,,,,,,,,,,,,
114,2006,,,,,,,,,,,,,,,,
109.7,2006,,,,,,,,,,,,,,,,
109.5,2006,,,,,,,,,,,,,,,,
104,2006,,,,,,,,,,,,,,,,
103,2006,,,,,,,,,,,,,,,,
102,2006,,,,,,,,,,,,,,,,
98.5,2006,,,,,,,,,,,,,,,,
98.5,2006,,,,,,,,,,,,,,,,
98.5,2006,,,,,,,,,,,,,,,,
98.5,2006,,,,,,,,,,,,,,,,
96.1,2006,,,,,,,,,,,,,,,,
96,2006,,,,,,,,,,,,,,,,
90.7,2006,,,,,,,,,,,,,,,,
85,2006,,,,,,,,,,,,,,,,
85,2006,,,,,,,,,,,,,,,,
83.7,2006,,,,,,,,,,,,,,,,
82.7,2006,,,,,,,,,,,,,,,,
37.1,2006,,,,,,,,,,,,,,,,
196.7,2007,,,,,,,,,,,,,,,,
162.4,2007,,,,,,,,,,,,,,,,
143.3,2007,,,,,,,,,,,,,,,,
139.3,2007,,,,,,,,,,,,,,,,
139,2007,,,,,,,,,,,,,,,,
138.3,2007,,,,,,,,,,,,,,,,
137.8,2007,,,,,,,,,,,,,,,,
136,2007,,,,,,,,,,,,,,,,
133.9,2007,,,,,,,,,,,,,,,,
130.6,2007,,,,,,,,,,,,,,,,
125.4,2007,,,,,,,,,,,,,,,,
123,2007,,,,,,,,,,,,,,,,
122,2007,,,,,,,,,,,,,,,,
121.8,2007,,,,,,,,,,,,,,,,
121.7,2007,,,,,,,,,,,,,,,,
119.2,2007,,,,,,,,,,,,,,,,
117,2007,,,,,,,,,,,,,,,,
116.5,2007,,,,,,,,,,,,,,,,
116,2007,,,,,,,,,,,,,,,,
116,2007,,,,,,,,,,,,,,,,
115.9,2007,,,,,,,,,,,,,,,,
115.1,2007,,,,,,,,,,,,,,,,
114.9,2007,,,,,,,,,,,,,,,,
111,2007,,,,,,,,,,,,,,,,
111,2007,,,,,,,,,,,,,,,,
110,2007,,,,,,,,,,,,,,,,
110,2007,,,,,,,,,,,,,,,,
108,2007,,,,,,,,,,,,,,,,
108,2007,,,,,,,,,,,,,,,,
108,2007,,,,,,,,,,,,,,,,
107.2,2007,,,,,,,,,,,,,,,,
99.3,2007,,,,,,,,,,,,,,,,
98,2007,,,,,,,,,,,,,,,,
97.5,2007,,,,,,,,,,,,,,,,
88.8,2007,,,,,,,,,,,,,,,,
87.3,2007,,,,,,,,,,,,,,,,
80.3,2007,,,,,,,,,,,,,,,,
162.6,2008,,,,,,,,,,,,,,,,
135.1,2008,,,,,,,,,,,,,,,,
134.6,2008,,,,,,,,,,,,,,,,
132.2,2008,,,,,,,,,,,,,,,,
124.5,2008,,,,,,,,,,,,,,,,
124.5,2008,,,,,,,,,,,,,,,,
121,2008,,,,,,,,,,,,,,,,
119.7,2008,,,,,,,,,,,,,,,,
118,2008,,,,,,,,,,,,,,,,
115,2008,,,,,,,,,,,,,,,,
114.9,2008,,,,,,,,,,,,,,,,
114.8,2008,,,,,,,,,,,,,,,,
114.3,2008,,,,,,,,,,,,,,,,
114.2,2008,,,,,,,,,,,,,,,,
113.1,2008,,,,,,,,,,,,,,,,
112.2,2008,,,,,,,,,,,,,,,,
112,2008,,,,,,,,,,,,,,,,
111.9,2008,,,,,,,,,,,,,,,,
110.6,2008,,,,,,,,,,,,,,,,
109.5,2008,,,,,,,,,,,,,,,,
109.5,2008,,,,,,,,,,,,,,,,
107.4,2008,,,,,,,,,,,,,,,,
103.1,2008,,,,,,,,,,,,,,,,
103,2008,,,,,,,,,,,,,,,,
102,2008,,,,,,,,,,,,,,,,
101.5,2008,,,,,,,,,,,,,,,,
100,2008,,,,,,,,,,,,,,,,
100,2008,,,,,,,,,,,,,,,,
99.7,2008,,,,,,,,,,,,,,,,
99.5,2008,,,,,,,,,,,,,,,,
98.1,2008,,,,,,,,,,,,,,,,
97.5,2008,,,,,,,,,,,,,,,,
97.3,2008,,,,,,,,,,,,,,,,
97.2,2008,,,,,,,,,,,,,,,,
95,2008,,,,,,,,,,,,,,,,
94.7,2008,,,,,,,,,,,,,,,,
90.3,2008,,,,,,,,,,,,,,,,
89.8,2008,,,,,,,,,,,,,,,,
89.5,2008,,,,,,,,,,,,,,,,
89,2008,,,,,,,,,,,,,,,,
87,2008,,,,,,,,,,,,,,,,
85,2008,,,,,,,,,,,,,,,,
84.2,2008,,,,,,,,,,,,,,,,
84.2,2008,,,,,,,,,,,,,,,,
83.2,2008,,,,,,,,,,,,,,,,
76.6,2008,,,,,,,,,,,,,,,,
75.7,2008,,,,,,,,,,,,,,,,
165,2009,,,,,,,,,,,,,,,,
140.3,2009,,,,,,,,,,,,,,,,
126.4,2009,,,,,,,,,,,,,,,,
122.3,2009,,,,,,,,,,,,,,,,
118,2009,,,,,,,,,,,,,,,,
114.6,2009,,,,,,,,,,,,,,,,
113,2009,,,,,,,,,,,,,,,,
112.7,2009,,,,,,,,,,,,,,,,
112.2,2009,,,,,,,,,,,,,,,,
112.1,2009,,,,,,,,,,,,,,,,
111.6,2009,,,,,,,,,,,,,,,,
109.2,2009,,,,,,,,,,,,,,,,
107.1,2009,,,,,,,,,,,,,,,,
106.1,2009,,,,,,,,,,,,,,,,
103,2009,,,,,,,,,,,,,,,,
101,2009,,,,,,,,,,,,,,,,
96.9,2009,,,,,,,,,,,,,,,,
94.9,2009,,,,,,,,,,,,,,,,
91.9,2009,,,,,,,,,,,,,,,,
91.9,2009,,,,,,,,,,,,,,,,
91.9,2009,,,,,,,,,,,,,,,,
90,2009,,,,,,,,,,,,,,,,
77.5,2009,,,,,,,,,,,,,,,,
58.6,2009,,,,,,,,,,,,,,,,
46.6,2009,,,,,,,,,,,,,,,,
243.3,2010,,,,,,,,,,,,,,,,
180,2010,,,,,,,,,,,,,,,,
146.8,2010,,,,,,,,,,,,,,,,
141.3,2010,,,,,,,,,,,,,,,,
141.3,2010,,,,,,,,,,,,,,,,
140.2,2010,,,,,,,,,,,,,,,,
136.8,2010,,,,,,,,,,,,,,,,
133,2010,,,,,,,,,,,,,,,,
120,2010,,,,,,,,,,,,,,,,
111.3,2010,,,,,,,,,,,,,,,,
108.6,2010,,,,,,,,,,,,,,,,
107.2,2010,,,,,,,,,,,,,,,,
107,2010,,,,,,,,,,,,,,,,
107,2010,,,,,,,,,,,,,,,,
106.6,2010,,,,,,,,,,,,,,,,
104.9,2010,,,,,,,,,,,,,,,,
103.5,2010,,,,,,,,,,,,,,,,
103.1,2010,,,,,,,,,,,,,,,,
103,2010,,,,,,,,,,,,,,,,
102.7,2010,,,,,,,,,,,,,,,,
102.2,2010,,,,,,,,,,,,,,,,
102,2010,,,,,,,,,,,,,,,,
101.8,2010,,,,,,,,,,,,,,,,
100,2010,,,,,,,,,,,,,,,,
99.9,2010,,,,,,,,,,,,,,,,
99.9,2010,,,,,,,,,,,,,,,,
99.4,2010,,,,,,,,,,,,,,,,
98.7,2010,,,,,,,,,,,,,,,,
97.1,2010,,,,,,,,,,,,,,,,
96,2010,,,,,,,,,,,,,,,,
91.8,2010,,,,,,,,,,,,,,,,
91.7,2010,,,,,,,,,,,,,,,,
91.7,2010,,,,,,,,,,,,,,,,
90.1,2010,,,,,,,,,,,,,,,,
89,2010,,,,,,,,,,,,,,,,
83.6,2010,,,,,,,,,,,,,,,,
83,2010,,,,,,,,,,,,,,,,
82.5,2010,,,,,,,,,,,,,,,,
81.9,2010,,,,,,,,,,,,,,,,
78.2,2010,,,,,,,,,,,,,,,,
178.5,2011,,,,,,,,,,,,,,,,
178.5,2011,,,,,,,,,,,,,,,,
172,2011,,,,,,,,,,,,,,,,
170.3,2011,,,,,,,,,,,,,,,,
146.1,2011,,,,,,,,,,,,,,,,
145.9,2011,,,,,,,,,,,,,,,,
143.6,2011,,,,,,,,,,,,,,,,
142.6,2011,,,,,,,,,,,,,,,,
136.5,2011,,,,,,,,,,,,,,,,
134,2011,,,,,,,,,,,,,,,,
131.9,2011,,,,,,,,,,,,,,,,
130,2011,,,,,,,,,,,,,,,,
127,2011,,,,,,,,,,,,,,,,
121.2,2011,,,,,,,,,,,,,,,,
118.5,2011,,,,,,,,,,,,,,,,
114.4,2011,,,,,,,,,,,,,,,,
110.8,2011,,,,,,,,,,,,,,,,
110,2011,,,,,,,,,,,,,,,,
109.8,2011,,,,,,,,,,,,,,,,
105.6,2011,,,,,,,,,,,,,,,,
104,2011,,,,,,,,,,,,,,,,
102.7,2011,,,,,,,,,,,,,,,,
100.8,2011,,,,,,,,,,,,,,,,
98,2011,,,,,,,,,,,,,,,,
96.9,2011,,,,,,,,,,,,,,,,
95,2011,,,,,,,,,,,,,,,,
95,2011,,,,,,,,,,,,,,,,
95,2011,,,,,,,,,,,,,,,,
95,2011,,,,,,,,,,,,,,,,
92.5,2011,,,,,,,,,,,,,,,,
92.4,2011,,,,,,,,,,,,,,,,
90,2011,,,,,,,,,,,,,,,,
86.3,2011,,,,,,,,,,,,,,,,
85.9,2011,,,,,,,,,,,,,,,,
85,2011,,,,,,,,,,,,,,,,
82.9,2011,,,,,,,,,,,,,,,,
63.9,2011,,,,,,,,,,,,,,,,
250,2012,,,,,,,,,,,,,,,,
235,2012,,,,,,,,,,,,,,,,
234,2012,,,,,,,,,,,,,,,,
198.2,2012,,,,,,,,,,,,,,,,
198.2,2012,,,,,,,,,,,,,,,,
165,2012,,,,,,,,,,,,,,,,
159.1,2012,,,,,,,,,,,,,,,,
147,2012,,,,,,,,,,,,,,,,
141.1,2012,,,,,,,,,,,,,,,,
139.1,2012,,,,,,,,,,,,,,,,
135,2012,,,,,,,,,,,,,,,,
131,2012,,,,,,,,,,,,,,,,
129,2012,,,,,,,,,,,,,,,,
129,2012,,,,,,,,,,,,,,,,
125.5,2012,,,,,,,,,,,,,,,,
119.6,2012,,,,,,,,,,,,,,,,
118.5,2012,,,,,,,,,,,,,,,,
114.5,2012,,,,,,,,,,,,,,,,
111.8,2012,,,,,,,,,,,,,,,,
110.5,2012,,,,,,,,,,,,,,,,
108.9,2012,,,,,,,,,,,,,,,,
106.5,2012,,,,,,,,,,,,,,,,
106.3,2012,,,,,,,,,,,,,,,,
105.6,2012,,,,,,,,,,,,,,,,
105.1,2012,,,,,,,,,,,,,,,,
104,2012,,,,,,,,,,,,,,,,
104,2012,,,,,,,,,,,,,,,,
103.3,2012,,,,,,,,,,,,,,,,
102,2012,,,,,,,,,,,,,,,,
102,2012,,,,,,,,,,,,,,,,
101.8,2012,,,,,,,,,,,,,,,,
100,2012,,,,,,,,,,,,,,,,
98.4,2012,,,,,,,,,,,,,,,,
98,2012,,,,,,,,,,,,,,,,
98,2012,,,,,,,,,,,,,,,,
97.4,2012,,,,,,,,,,,,,,,,
96,2012,,,,,,,,,,,,,,,,
95.5,2012,,,,,,,,,,,,,,,,
95.1,2012,,,,,,,,,,,,,,,,
95.1,2012,,,,,,,,,,,,,,,,
94.9,2012,,,,,,,,,,,,,,,,
94.3,2012,,,,,,,,,,,,,,,,
94,2012,,,,,,,,,,,,,,,,
93.9,2012,,,,,,,,,,,,,,,,
93.4,2012,,,,,,,,,,,,,,,,
92.5,2012,,,,,,,,,,,,,,,,
92.5,2012,,,,,,,,,,,,,,,,
91,2012,,,,,,,,,,,,,,,,
89,2012,,,,,,,,,,,,,,,,
85.6,2012,,,,,,,,,,,,,,,,
84,2012,,,,,,,,,,,,,,,,
84,2012,,,,,,,,,,,,,,,,
70.8,2012,,,,,,,,,,,,,,,,
300,2013,,,,,,,,,,,,,,,,
220,2013,,,,,,,,,,,,,,,,
157.6,2013,,,,,,,,,,,,,,,,
157.6,2013,,,,,,,,,,,,,,,,
157.6,2013,,,,,,,,,,,,,,,,
152.7,2013,,,,,,,,,,,,,,,,
152.7,2013,,,,,,,,,,,,,,,,
152.7,2013,,,,,,,,,,,,,,,,
150.6,2013,,,,,,,,,,,,,,,,
150,2013,,,,,,,,,,,,,,,,
147.4,2013,,,,,,,,,,,,,,,,
146,2013,,,,,,,,,,,,,,,,
146,2013,,,,,,,,,,,,,,,,
144.2,2013,,,,,,,,,,,,,,,,
141.1,2013,,,,,,,,,,,,,,,,
140.7,2013,,,,,,,,,,,,,,,,
136.8,2013,,,,,,,,,,,,,,,,
132.9,2013,,,,,,,,,,,,,,,,
132.7,2013,,,,,,,,,,,,,,,,
116,2013,,,,,,,,,,,,,,,,
114.9,2013,,,,,,,,,,,,,,,,
113.6,2013,,,,,,,,,,,,,,,,
113.2,2013,,,,,,,,,,,,,,,,
110.2,2013,,,,,,,,,,,,,,,,
110,2013,,,,,,,,,,,,,,,,
107.8,2013,,,,,,,,,,,,,,,,
105,2013,,,,,,,,,,,,,,,,
104.4,2013,,,,,,,,,,,,,,,,
104.4,2013,,,,,,,,,,,,,,,,
104.3,2013,,,,,,,,,,,,,,,,
104,2013,,,,,,,,,,,,,,,,
104,2013,,,,,,,,,,,,,,,,
101.7,2013,,,,,,,,,,,,,,,,
101.5,2013,,,,,,,,,,,,,,,,
101,2013,,,,,,,,,,,,,,,,
101,2013,,,,,,,,,,,,,,,,
100.5,2013,,,,,,,,,,,,,,,,
100,2013,,,,,,,,,,,,,,,,
99.6,2013,,,,,,,,,,,,,,,,
99.3,2013,,,,,,,,,,,,,,,,
99.3,2013,,,,,,,,,,,,,,,,
99.2,2013,,,,,,,,,,,,,,,,
99,2013,,,,,,,,,,,,,,,,
98.9,2013,,,,,,,,,,,,,,,,
98.8,2013,,,,,,,,,,,,,,,,
98.3,2013,,,,,,,,,,,,,,,,
98.3,2013,,,,,,,,,,,,,,,,
95.9,2013,,,,,,,,,,,,,,,,
94,2013,,,,,,,,,,,,,,,,
94,2013,,,,,,,,,,,,,,,,
93,2013,,,,,,,,,,,,,,,,
92.2,2013,,,,,,,,,,,,,,,,
92.2,2013,,,,,,,,,,,,,,,,
91.3,2013,,,,,,,,,,,,,,,,
90.4,2013,,,,,,,,,,,,,,,,
90.3,2013,,,,,,,,,,,,,,,,
90,2013,,,,,,,,,,,,,,,,
87.7,2013,,,,,,,,,,,,,,,,
83,2013,,,,,,,,,,,,,,,,
82.4,2013,,,,,,,,,,,,,,,,
82,2013,,,,,,,,,,,,,,,,
81.7,2013,,,,,,,,,,,,,,,,
81.7,2013,,,,,,,,,,,,,,,,
79.5,2013,,,,,,,,,,,,,,,,
79.5,2013,,,,,,,,,,,,,,,,
75.1,2013,,,,,,,,,,,,,,,,
67.2,2013,,,,,,,,,,,,,,,,
67.2,2013,,,,,,,,,,,,,,,,
67.2,2013,,,,,,,,,,,,,,,,
67.2,2013,,,,,,,,,,,,,,,,
198.1,2014,,,,,,,,,,,,,,,,
151.9,2014,,,,,,,,,,,,,,,,
144.4,2014,,,,,,,,,,,,,,,,
137.9,2014,,,,,,,,,,,,,,,,
134.5,2014,,,,,,,,,,,,,,,,
134.5,2014,,,,,,,,,,,,,,,,
124.1,2014,,,,,,,,,,,,,,,,
120.8,2014,,,,,,,,,,,,,,,,
120.1,2014,,,,,,,,,,,,,,,,
120,2014,,,,,,,,,,,,,,,,
118.7,2014,,,,,,,,,,,,,,,,
118.5,2014,,,,,,,,,,,,,,,,
118.5,2014,,,,,,,,,,,,,,,,
118.1,2014,,,,,,,,,,,,,,,,
118,2014,,,,,,,,,,,,,,,,
118,2014,,,,,,,,,,,,,,,,
118,2014,,,,,,,,,,,,,,,,
116.5,2014,,,,,,,,,,,,,,,,
116.5,2014,,,,,,,,,,,,,,,,
114.6,2014,,,,,,,,,,,,,,,,
113.5,2014,,,,,,,,,,,,,,,,
112,2014,,,,,,,,,,,,,,,,
98.7,2014,,,,,,,,,,,,,,,,
98.7,2014,,,,,,,,,,,,,,,,
98.3,2014,,,,,,,,,,,,,,,,
96.6,2014,,,,,,,,,,,,,,,,
94.5,2014,,,,,,,,,,,,,,,,
92.2,2014,,,,,,,,,,,,,,,,
92.2,2014,,,,,,,,,,,,,,,,
92,2014,,,,,,,,,,,,,,,,
92,2014,,,,,,,,,,,,,,,,
89.4,2014,,,,,,,,,,,,,,,,
87.6,2014,,,,,,,,,,,,,,,,
87.6,2014,,,,,,,,,,,,,,,,
87.5,2014,,,,,,,,,,,,,,,,
84.5,2014,,,,,,,,,,,,,,,,
68.3,2014,,,,,,,,,,,,,,,,
68.3,2014,,,,,,,,,,,,,,,,
68.3,2014,,,,,,,,,,,,,,,,
68.3,2014,,,,,,,,,,,,,,,,
68.3,2014,,,,,,,,,,,,,,,,
158.3,2015,,,,,,,,,,,,,,,,
146.6,2015,,,,,,,,,,,,,,,,
145.2,2015,,,,,,,,,,,,,,,,
141.7,2015,,,,,,,,,,,,,,,,
141.7,2015,,,,,,,,,,,,,,,,
141.4,2015,,,,,,,,,,,,,,,,
136.6,2015,,,,,,,,,,,,,,,,
130.5,2015,,,,,,,,,,,,,,,,
129.8,2015,,,,,,,,,,,,,,,,
127.8,2015,,,,,,,,,,,,,,,,
127.8,2015,,,,,,,,,,,,,,,,
127.8,2015,,,,,,,,,,,,,,,,
126,2015,,,,,,,,,,,,,,,,
125.5,2015,,,,,,,,,,,,,,,,
121.1,2015,,,,,,,,,,,,,,,,
115.4,2015,,,,,,,,,,,,,,,,
113.8,2015,,,,,,,,,,,,,,,,
113.8,2015,,,,,,,,,,,,,,,,
113.7,2015,,,,,,,,,,,,,,,,
113.2,2015,,,,,,,,,,,,,,,,
113,2015,,,,,,,,,,,,,,,,
110,2015,,,,,,,,,,,,,,,,
99.7,2015,,,,,,,,,,,,,,,,
95,2015,,,,,,,,,,,,,,,,
93.9,2015,,,,,,,,,,,,,,,,
93.9,2015,,,,,,,,,,,,,,,,
91.9,2015,,,,,,,,,,,,,,,,
91.1,2015,,,,,,,,,,,,,,,,
89.5,2015,,,,,,,,,,,,,,,,
89.5,2015,,,,,,,,,,,,,,,,
89.5,2015,,,,,,,,,,,,,,,,
89.5,2015,,,,,,,,,,,,,,,,
85.8,2015,,,,,,,,,,,,,,,,
78.2,2015,,,,,,,,,,,,,,,,
77,2015,,,,,,,,,,,,,,,,
66,2015,,,,,,,,,,,,,,,,
60.2,2015,,,,,,,,,,,,,,,,
60.2,2015,,,,,,,,,,,,,,,,
146.4,2016,,,,,,,,,,,,,,,,
145,2016,,,,,,,,,,,,,,,,
144.4,2016,,,,,,,,,,,,,,,,
138.2,2016,,,,,,,,,,,,,,,,
136.6,2016,,,,,,,,,,,,,,,,
126.2,2016,,,,,,,,,,,,,,,,
125,2016,,,,,,,,,,,,,,,,
122.7,2016,,,,,,,,,,,,,,,,
119.2,2016,,,,,,,,,,,,,,,,
119.1,2016,,,,,,,,,,,,,,,,
117.5,2016,,,,,,,,,,,,,,,,
112.8,2016,,,,,,,,,,,,,,,,
112.5,2016,,,,,,,,,,,,,,,,
110.4,2016,,,,,,,,,,,,,,,,
110,2016,,,,,,,,,,,,,,,,
107.4,2016,,,,,,,,,,,,,,,,
107.4,2016,,,,,,,,,,,,,,,,
107.4,2016,,,,,,,,,,,,,,,,
106.2,2016,,,,,,,,,,,,,,,,
98,2016,,,,,,,,,,,,,,,,
97.6,2016,,,,,,,,,,,,,,,,
96.7,2016,,,,,,,,,,,,,,,,
96.7,2016,,,,,,,,,,,,,,,,
96.7,2016,,,,,,,,,,,,,,,,
96,2016,,,,,,,,,,,,,,,,
96,2016,,,,,,,,,,,,,,,,
96,2016,,,,,,,,,,,,,,,,
93.9,2016,,,,,,,,,,,,,,,,
91.4,2016,,,,,,,,,,,,,,,,
91.4,2016,,,,,,,,,,,,,,,,
68.7,2016,,,,,,,,,,,,,,,,
68.3,2016,,,,,,,,,,,,,,,,
139.5,2017,,,,,,,,,,,,,,,,
116.6,2017,,,,,,,,,,,,,,,,
101,2017,,,,,,,,,,,,,,,,
99.9,2017,,,,,,,,,,,,,,,,
96.8,2017,,,,,,,,,,,,,,,,
95.2,2017,,,,,,,,,,,,,,,,
94.6,2017,,,,,,,,,,,,,,,,
94.5,2017,,,,,,,,,,,,,,,,
94.5,2017,,,,,,,,,,,,,,,,
93.1,2017,,,,,,,,,,,,,,,,
93,2017,,,,,,,,,,,,,,,,
92.9,2017,,,,,,,,,,,,,,,,
92.9,2017,,,,,,,,,,,,,,,,
91.9,2017,,,,,,,,,,,,,,,,
91.2,2017,,,,,,,,,,,,,,,,
91,2017,,,,,,,,,,,,,,,,
90.6,2017,,,,,,,,,,,,,,,,
89.7,2017,,,,,,,,,,,,,,,,
89.7,2017,,,,,,,,,,,,,,,,
89,2017,,,,,,,,,,,,,,,,
89,2017,,,,,,,,,,,,,,,,
86,2017,,,,,,,,,,,,,,,,
85.6,2017,,,,,,,,,,,,,,,,
82.2,2017,,,,,,,,,,,,,,,,
82.2,2017,,,,,,,,,,,,,,,,
70,2017,,,,,,,,,,,,,,,,
65,2017,,,,,,,,,,,,,,,,
55.3,2017,,,,,,,,,,,,,,,,
52.2,2017,,,,,,,,,,,,,,,,
109.8,2018,,,,,,,,,,,,,,,,
109.8,2018,,,,,,,,,,,,,,,,
109.8,2018,,,,,,,,,,,,,,,,
106.7,2018,,,,,,,,,,,,,,,,
99.1,2018,,,,,,,,,,,,,,,,
99.1,2018,,,,,,,,,,,,,,,,
98,2018,,,,,,,,,,,,,,,,
89.5,2018,,,,,,,,,,,,,,,,
89.1,2018,,,,,,,,,,,,,,,,98.99090909
89,2018,,,,,,,,,,,,,,,,
89,2018,,,,,,,,,,,,,,,,
99.4,2019,,,,,,,,,,,,,,,,
66.2,2020,,,,,,,,,,,,,,,,
