建筑面积,有无电梯,户型建筑总开间,户型建筑总进深,总价,建筑总楼,梯户比例,建设年代,所在区域,入户大门朝向,客厅面积,客厅朝向,客厅开间,客厅进深
68,1,12652,5424,430,10,一梯四户,1990,2,4,14.1 ,3,3251,4164
60.5,2,5058,10718,125,4,一梯二梯,1990,3,3,18.2 ,2,2405,5528
101.4,1,8977,11013,258,6,一梯二梯,1990,3,3,20.0 ,7,4500,5114
89.5,2,7902,14031,580,9,一梯四户,1990,1,3,23.8 ,3,2978,7496
78.6,2,9847,8564,420,9,一梯四户,1990,1,1,22.1 ,3,3184,5630
67.6,2,9744,8375,139,9,一梯两户,1990,2,4,20.2 ,7,6436,3094
102,1,9256,13299,600,12,一梯两户,1990,1,4,39.6 ,3,4500,7936
89.3,2,6032,12938,390,7,一梯七户,1990,2,1,23.1 ,9,3352,7607
110.4,1,12291,10275,628,9,一梯三户,1990,2,4,20.0 ,5,3438,5840
71.6,2,7688,9352,432,9,一梯八户,1990,2,4,22.7 ,3,5144,3464
102.1,2,9245,10011,360,9,一梯四户,1990,2,3,24.8 ,1,6074,4089
80.4,2,7215,14149,305,9,一梯四户,1990,2,6,13.2 ,5,3487,3811
80.9,2,13506,6941,328,8,一梯六户,1990,2,1,12.4 ,3,4138,3004
70,1,11455,12550,680,9,一梯七户,1990,2,1,13.8 ,1,4581,3005
91,2,10948,9222,330,9,一梯七户,1990,2,1,9.6 ,2,3274,2925
67.9,2,6975,8085,275,9,一梯四户,1990,2,1,21.8 ,7,3520,5175
62.8,2,6810,11139,170,8,一梯六户,1990,2,3,8.8 ,5,2749,
73.1,2,8560,9204,140,9,一梯四户,1990,2,2,16.7 ,1,3470,5158
67.3,2,7730,10185,275,9,一梯四户,1990,2,2,23.0 ,7,4425,4680
91.8,1,8922,11415,268,9,一梯两户,1990,2,4,22.7 ,3,3337,6809
67,1,6556,11476,183,8,一梯两户,1990,2,4,23.6 ,3,3227,7015
74.8,1,8903,9293,157,9,一梯四户,1990,2,4,16.0 ,3,3236,4461
61.6,2,5718,9260,132,9,一梯六户,1990,3,3,16.8 ,9,5718,5024
82.6,2,10869,10686,165,7,一梯四户,1990,3,2,26.5 ,3,10869,8271
82.6,2,7638,11477,150,7,一梯四户,1990,3,2,25.0 ,3,7638,7950
102,1,9430,13300,600,12,一梯两户,1990,2,3,0.0 ,9,0,0
96,2,11660,7950,438,9,一梯五户,1990,2,1,0.0 ,9,0,0
81.5,2,8650,8760,473,8,一梯两户,1990,2,4,0.0 ,9,0,0
93.5,2,9079,10440,539,6,一梯两户,1990,2,3,13.7 ,7,4150,3260
110,1,13710,11530,499,13,两梯两户,1990,2,2,0.0 ,9,0,0
112.1,2,7650,14200,765,8,一梯两户,1990,2,3,0.0 ,9,0,0
89.5,1,9517,11779,225,9,一梯两户,1990,2,3,16.6 ,1,3010,5509
86.3,2,9554,10486,355,5,一梯二梯,1990,1,3,16.8 ,3,3233,5148
112.5,2,1150,10500,500,9,一梯四梯梯,1990,2,7,27.1 ,6,5047,5373
76,1,10429,6867,338,9,一梯四户,1990,2,2,21.4 ,3,6501,3830
80.5,1,6085,10633,165,9,一梯九梯,1990,2,4,15.3 ,5,4688,3382
82,1,11035,7310,255,20,两梯九户,1991,2,4,29.4 ,9,9560,3270
76.3,2,6260,11020,318,8,一梯三户,1991,2,4,9.1 ,5,3137,2931
79,1,9896,7780,370,7,一梯两户,1991,1,2,15.3 ,3,3452,4415
101.1,2,12049,11198,525,7,一梯两户,1991,2,3,17.7 ,3,3125,5634
82,2,8794,8639,460,9,一梯五户,1991,2,2,23.5 ,7,6979,3367
84.1,1,9318,7818,350,12,一梯四户,1991,1,4,11.8 ,9,3676,3219
165,2,9557,16627,500,6,一梯两户,1991,3,1,48.0 ,3,3799,5981
97.8,2,5940,18130,185,8,一梯十二户,1992,1,3,21.7 ,7,3490,6221
97.8,2,5940,18130,185,8,一梯十二户,1992,1,3,21.7 ,7,3490,6221
59.3,2,6102,9619,258,9,一梯四户,1992,1,4,11.3 ,7,2937,3851
91.3,1,8021,10333,570,18,两梯八户,1992,1,1,18.4 ,3,3777,4863
96,2,10177,9113,328,8,一梯四户,1992,1,1,28.2 ,3,3681,8000
98,2,13096,9853,450,9,一梯六户,1992,1,2,33.9 ,7,4294,8307
98,2,13096,9853,450,9,一梯六梯,1992,1,2,33.9 ,7,4294,8307
115.7,2,15301,8821,520,9,一梯九梯,1992,1,2,28.7 ,7,5056,5334
90.3,2,9401,10295,700,10,一梯四户,1992,1,2,35.1 ,3,3187,10295
86,2,13888,7332,115,7,一梯四户,1992,3,3,25.2 ,3,3640,6963
84.5,2,10670,8489,398,9,一梯八户,1992,2,3,28.2 ,7,4013,5477
108.3,2,12515,10025,540,9,一梯三户,1992,2,3,26.4 ,1,4320,5910
88,2,10035,9795,280,9,一梯四户,1992,2,3,29.0 ,3,3200,7155
71.5,1,9482,10872,369,8,一梯两户,1992,2,3,26.6 ,3,3051,6451
81.8,2,9100,8768,298,9,一梯一户,1992,2,1,25.8 ,5,2890,4537
104.2,2,11964,11623,580,3,一梯三户,1992,2,3,33.0 ,7,4227,6537
101.2,1,8861,11740,300,28,三梯九户,1992,3,1,16.5 ,1,4297,3830
79.5,1,10955,9300,268,28,三梯九户,1992,3,3,20.5 ,3,3869,5982
89,1,9046,7769,530,24,两梯十六户,1992,2,3,23.2 ,3,5560,7769
58,2,6933,7113,258,8,一梯四户,1992,3,2,13.8 ,3,3950,3423
100.4,2,12033,9115,520,9,一梯四户,1992,1,2,32.2 ,3,5992,4073
84.1,1,8598,9059,456,6,一梯两户,1993,1,3,25.0 ,3,3380,5217
77.2,2,9821,9050,485,8,一梯四户,1993,1,4,18.0 ,6,3500,5150
91,1,12280,9925,560,8,三梯四户,1993,1,3,17.2 ,3,3535,4866
84.4,1,9795,9451,465,8,一梯四户,1993,1,4,23.8 ,7,2380,7186
67.4,2,8845,8852,165,9,一梯一户,1993,2,2,18.0 ,5,5642,3015
59.1,2,5552,14479,390,7,一梯三户,1993,1,2,24.4 ,3,3055,7717
92.9,2,9571,11264,480,7,一梯四户,1993,1,3,26.8 ,3,4149,4438
71.2,2,6063,12124,224.9,8,一梯四户,1993,2,4,10.6 ,3,3208,3352
115.6,2,9948,12760,440,9,一梯两户,1993,2,3,28.7 ,3,4066,7135
157.4,2,18797,7548,960,6,一梯两户,1993,2,2,79.6 ,3,7548,12980
79,1,5948,9938,430,26,两梯八户,1993,2,4,18.4 ,3,3529,5066
91.4,1,6161,10169,560,26,两梯八户,1993,2,1,14.7 ,8,5378,4101
91,1,10455,7222,116,13,二梯八户,1993,3,2,18.0 ,5,4378,4104
116.2,2,10787,9330,246,7,一梯两户,1993,3,4,21.7 ,3,4209,5163
64.9,2,8837,9298,350,5,一梯两户,1993,1,3,14.9 ,3,3106,4089
94.3,1,9485,9502,550,8,一梯六户,1993,1,6,22.5 ,8,5404,4158
92.4,2,7141,12627,150,7,一梯两户,1993,3,3,31.3 ,3,3802,8118
88.6,1,8265,11439,200,7,一梯两户,1993,3,1,18.7 ,1,5006,3742
106.3,1,13165,12810,417.9,25,两梯八户,1993,2,4,20.1 ,3,3885,5177
110.7,1,12451,12885,396,33,两梯八户,1993,2,5,19.0 ,4,3600,3905
81.1,2,8857,9161,180,7,一梯两户,1993,3,4,16.5 ,3,3673,4362
89,2,7831,11087,208,7,一梯两户,1993,3,6,31.7 ,2,5047,5242
95.8,2,9790,10658,225,7,一梯四户,1993,3,4,16.6 ,3,3746,4338
101.8,2,8700,12645,200,7,一梯两户,1993,3,1,18.1 ,3,3683,4885
85,2,14202,7376,230,9,一梯四户,1993,2,3,30.0 ,1,5317,6185
70.7,1,7890,8320,163,12,一梯四户,1993,3,2,23.2 ,3,7890,2320
70.7,1,7785,8800,165,12,一梯四户,1993,3,2,23.2 ,3,7785,8320
81.2,1,9870,8530,182,12,一梯四户,1993,3,1,25.1 ,7,9870,5805
81.8,1,9799,8243,183,12,一梯四户,1993,3,1,23.9 ,7,9799,5659
96.3,1,6314,12630,377,8,一梯五户,1993,2,5,14.6 ,4,3477,4186
71.4,1,12354,6345,215,9,一梯八户,1993,3,8,34.0 ,6,3660,6124
121.3,1,8710,13669,465,25,两梯八户,1993,2,2,39.6 ,1,3725,10742
63.7,2,6595,8268,170,9,一梯四户,1993,2,3,23.5 ,1,3665,8268
90.2,2,3617,11092,220,6,一梯四户,1993,3,4,24.3 ,7,3617,6729
97.1,2,11100,13175,2650,6,一梯四户,1993,3,5,32.5 ,6,4215,6960
92.5,2,9642,10671,245,6,一梯四户,1993,3,2,29.0 ,7,3371,7663
104,1,8090,9163,380,31,八梯三十七户,1993,2,1,44.3 ,3,8090,9163
97,1,9443,12133,210,12,两梯八户,1993,3,3,21.8 ,8,4425,5993
95.4,1,8210,8956,520,11,一梯五梯,1994,1,3,32.8 ,1,3293,8210
72.1,2,9455,5975,155,6,一梯一户,1994,2,4,20.3 ,3,6415,3105
68.6,2,6130,10833,296,9,一梯七户,1994,2,1,22.7 ,3,2526,6677
98.4,1,9085,13259,760,8,一梯三户,1994,1,3,26.9 ,3,4306,5838
100,1,9052,9380,515,6,二梯六梯,1994,3,2,15.9 ,3,3406,4044
72,1,8400,8375,360,18,二梯六梯,1994,3,2,11.3 ,3,3198,3545
75.5,1,8571,9034,380,18,二梯四梯梯,1994,3,3,10.3 ,5,2975,3471
108.9,1,10987,9797,530,9,一梯四户,1994,1,2,17.5 ,7,4191,3720
104.6,2,10351,14155,285,7,一梯两户,1994,3,4,57.0 ,3,6333,5343
43,2,7171,6384,183,8,一梯四户,1994,2,2,11.8 ,5,2918,4040
97.8,2,10841,7651,200,5,一梯八户,1994,3,2,31.9 ,7,3388,7651
65.9,2,10933,7860,250,7,一梯三户,1994,2,4,17.0 ,9,3367,6494
109.8,1,9308,10287,455,19,二梯六梯,1994,1,7,26.0 ,4,3392,7661
102.4,2,10790,12120,343,9,一梯四户,1994,1,3,26.6 ,7,3710,6372
85.5,2,7598,11078,245,9,一梯七户,1994,2,2,32.9 ,4,3820,7207
120,2,10057,11670,180,8,一梯一户,1994,3,4,29.0 ,3,10057,5764
79.2,2,6423,11931,150,8,一梯两户,1994,3,3,27.4 ,3,6423,8280
102,2,9824,16320,198,8,一梯两户,1994,3,2,39.6 ,1,9824,11565
79.2,2,6785,12188,160,8,一梯两户,1994,3,3,25.6 ,3,6785,8742
89,1,6003,11291,266,7,一梯两户,1994,2,6,15.3 ,7,3658,4358
63.3,1,4531,12584,175,8,一梯两户,1994,2,4,10.4 ,3,3444,3022
84.9,2,9070,10245,540,6,一梯一户,1994,2,3,15.5 ,7,3805,4096
102.4,2,8728,12499,328,9,一梯四户,1994,2,2,17.0 ,7,3186,5344
73.4,1,11609,5289,330,9,一梯六户,1994,2,1,23.4 ,3,4620,5065
67.5,1,9480,6175,120,7,一梯两户,1994,3,2,17.8 ,3,4880,4235
69.6,1,11146,6602,560,8,一梯八户,1994,2,3,21.4 ,3,8620,4690
101.4,1,11329,8627,395,19,两梯四户,1994,1,4,28.4 ,5,3702,8076
70.1,2,9316,9326,450,9,一梯五梯,1994,2,4,24.0 ,3,3935,5565
98.9,2,6370,13622,398,11,一梯一梯二梯,1994,2,3,31.9 ,1,4410,6370
64.7,2,7356,9050,280,11,一梯一梯二梯,1994,2,3,23.1 ,1,3664,7636
84.8,2,10073,10406,180,7,一梯两户,1994,3,3,25.2 ,3,3634,6624
118.3,1,8110,13824,632,18,两梯八户,1995,2,4,20.3 ,5,4672,4181
90.2,2,8496,11622,290,9,一梯四梯梯,1995,1,4,24.9 ,3,3452,6705
93.7,2,9224,9308,338,9,一梯四梯梯,1995,1,3,16.1 ,7,3660,4408
97.5,2,9246,11202,330,8,一梯7,1995,1,4,23.1 ,7,3484,6537
99.5,2,9595,10538,104.8,7,一梯一梯,1995,3,6,22.9 ,2,3690,5885
135.7,2,10955,16320,260,8,一梯二梯,1995,3,3,43.7 ,5,5375,8239
61.4,2,8867,11569,119.8,7,一梯二梯,1995,3,2,27.1 ,7,2604,6139
57,2,7750,11825,120,7,一梯二梯,1995,3,6,25.6 ,2,3870,5920
71.3,2,6364,10998,123,7,一梯四梯梯,1995,3,4,26.4 ,1,3401,9589
78,2,6180,12270,127,6,一梯二梯,1995,3,6,23.8 ,2,3465,6390
55.4,1,6088,11263,228,9,一梯两户,1995,1,4,11.6 ,7,3091,3759
85.8,1,11555,8260,220,11,一梯四梯梯,1995,3,4,22.6 ,5,5084,7756
116,2,11030,8030,228,7,一梯六户,1995,3,7,23.2 ,2,4330,5030
90,2,9300,9970,188,7,一梯四户,1995,3,2,23.4 ,1,4390,5350
86.7,2,9520,7870,156,7,一梯四户,1995,3,3,17.1 ,3,3850,4440
88,2,11900,10480,239.9,8,一梯四户,1995,3,1,23.7 ,3,3980,5900
117.2,1,11279,10349,900,31,三梯九户,1995,1,3,27.7 ,5,4.545,6263
95.8,1,9295,105002,618,18,一梯八户,1995,1,3,15.9 ,3,3.095,5021
88.1,1,9111,11533,210,7,一梯四梯梯,1995,3,4,13.9 ,3,3438,4039
89.2,1,14214,6670,490,8,一梯三户,1995,1,3,27.3 ,3,3495,7177
78.4,2,10394,11862,338,9,一梯四户,1995,1,2,25.5 ,5,2437,5439
87.9,2,9650,9327,485,8,一梯三户,1995,1,3,9.9 ,3,2876,3444
68.1,2,9352,7286,308,17,一梯十户,1995,2,1,20.9 ,7,3099,8127
86.9,2,11432,6831,435,7,一梯四梯梯,1995,1,3,25.6 ,7,9012,3030
85.5,2,9527,11120,520,7,一梯二梯,1995,1,4,26.0 ,9,3602,5940
91.3,2,11522,9729,440,8,一梯二梯,1995,1,4,29.1 ,3,8215,3414
98.1,2,8412,10085,280,9,一梯五户,1995,2,3,20.9 ,7,6363,3291
89.5,2,7390,10165,268,9,一梯五户,1995,2,3,15.6 ,7,4945,3155
76.3,2,6765,13150,233,9,一梯两户,1995,2,1,23.0 ,3,3397,6760
125,1,15121,8026,450,25,一梯五户,1995,1,3,51.2 ,7,9105,8026
83.1,1,12275,7195,305,9,一梯四户,1995,1,3,21.3 ,3,3450,6040
92.8,1,7642,15113,320,9,一梯八户,1995,1,1,31.2 ,9,4575,6999
55.4,2,5651,9246,178,6,一梯十九户,1995,2,1,12.3 ,1,2872,4267
150,1,14904,8736,550,22,两梯五户,1995,2,3,36.5 ,3,2837,7751
152.2,1,14624,8855,630,22,两梯五户,1995,2,3,16.7 ,3,4054,3812
99,2,10941,10138,730,8,一梯四户,1995,1,4,47.7 ,3,10941,7278
81,2,8553,10412,610,8,一梯四户,1995,1,2,21.0 ,3,3282,6240
60.3,2,6129,11132,352,9,一梯四户,1995,2,2,11.7 ,1,3397,3445
95.1,2,7593,13730,530,9,一梯四户,1995,2,3,21.8 ,2,4747,4603
103,2,5930,10625,510,9,一梯四户,1995,2,3,18.9 ,1,3055,6190
107,2,10486,9364,130,7,,1995,3,1,13.3 ,7,3131,2724
102,2,9247,15083,95,6,,1995,3,4,25.8 ,3,4306,6095
99.8,1,5738,12179,460,10,一梯八户,1995,2,1,21.5 ,7,4101,5244
107.8,2,9040,12825,235,8,一梯八户,1995,3,4,26.7 ,3,3795,6714
87.5,1,10525,8980,358,19,两梯四户,1995,2,2,14.9 ,1,4280,3479
84.7,1,6319,13366,365,28,三梯十二户,1995,1,1,27.1 ,3,3714,10308
93,2,6641,14791,498,9,一梯三户,1995,1,3,14.2 ,3,3141,4509
81.8,2,9371,9656,560,9,一梯六户,1995,2,4,31.6 ,3,4680,5415
87.8,2,7585,10394,435,8,一梯四户,1995,2,2,17.0 ,1,3228,4318
102,2,10527,11056,310,7,一梯八户,1995,2,7,20.4 ,2,3053,6643
101.7,2,10070,111085,298,7,一梯八户,1995,2,3,16.8 ,3,3160,5315
98.6,2,9224,11293,345,9,一梯三户,1995,1,3,29.8 ,7,4186,7839
98.1,1,10165,8214,358,11,一梯四户,1995,3,3,18.7 ,1,3788,4075
106.8,1,11264,8598,413,11,一梯四户,1995,3,3,14.4 ,3,3874,3311
87.2,2,12516,7236,470,9,一梯四户,1995,1,1,21.9 ,3,6702,5227
83.8,2,7939,8983,300,9,一梯七户,1995,1,2,19.1 ,3,3451,5536
93,1,9491,9740,297,10,一梯六户,1995,1,4,13.5 ,1,3598,3830
92.1,1,8858,12641,310,8,一梯六户,1995,1,4,21.8 ,3,4019,5551
91.2,2,7165,13800,262,4,一梯一户,1995,3,1,14.8 ,7,3672,4036
67.1,2,5570,12450,158,4,一梯一户,1995,3,1,15.2 ,1,3625,4205
69,2,5464,13446,158,4,一梯一户,1995,3,1,14.0 ,7,3458,4053
68.9,2,5473,13458,168,4,一梯一户,1995,3,2,11.5 ,4,2794,4124
83,2,8430,10698,230,5,一梯两户,1995,3,1,13.3 ,7,3222,4126
67.8,2,6304,10680,248,9,一梯八户,1995,2,3,17.7 ,3,3112,5928
75.1,1,8812,6893,324,12,五梯三十二户,1995,2,2,22.8 ,7,3475,6893
82,2,11463,7819,235,6,一梯八梯,1995,1,2,24.4 ,2,5874,3633
91.3,2,7230,10955,278,4,一梯四梯梯,1995,1,6,26.1 ,2,5054,5682
95,2,9320,10258,295,6,一梯四梯梯,1995,1,7,31.3 ,2,6532,3645
83.3,1,10958,7970,190,9,一梯四户,1995,3,2,23.8 ,3,3155,6795
104.5,2,8939,11785,180,8,一梯一户,1995,3,7,27.5 ,2,8939,7872
81.9,2,5946,13759,155,8,一梯两户,1995,3,2,12.7 ,3,5946,9101
100,1,12419,6681,245,9,一梯八户,1995,3,7,34.4 ,6,5565,2956
100,1,13167,6363,223,9,一梯八户,1995,3,3,43.2 ,3,5555,4318
77,2,9315,10640,350,9,一梯三户,1995,2,2,22.7 ,1,4650,4881
74.1,2,9194,9688,310,9,一梯两户,1995,2,4,19.5 ,3,3274,4892
103.2,1,16640,6770,426,18,两梯二十三户,1995,2,1,21.2 ,3,4030,5440
132.5,1,14254,9707,320,28,二梯六梯,1995,3,8,31.5 ,3,4323,7293
85.1,2,14711,10629,430,4,一梯四梯梯,1995,1,3,23.6 ,5,14711,4846
131.6,1,10456,11395,131.6,4,一梯两户,1995,3,2,32.1 ,3,5846,5555
113.5,1,9564,11455,300,4,一梯两户,1995,3,2,37.4 ,3,4130,8556
59.9,1,6254,9774,470,6,一梯两户,1995,2,3,21.4 ,3,3820,7396
74.3,1,5670,11860,488,17,两梯十五户,1995,2,6,14.9 ,2,5230,2856
100.8,1,9827,11590,615,9,一梯十五户,1995,2,3,16.0 ,3,3465,4639
85.3,1,9754,10001,324,9,一梯比一梯四梯梯,1995,1,1,27.7 ,3,3682,8421
85.3,2,9814,10001,324,9,一梯十四户,1995,1,1,27.7 ,3,3682,8421
85.1,2,6063,11084,170,8,一梯两户,1995,2,3,28.8 ,3,3676,8143
88.9,1,7107,7107,200,7,一梯二梯,1995,3,4,31.8 ,3,3881,3881
86.7,1,131119,6931,460,32,三梯八户,1995,2,2,30.3 ,7,2678,6931
130,2,8458,13846,285,6,一梯四户,1995,3,4,36.3 ,1,4.916,7390
101,1,9985,10059,309,7,一梯三户,1995,3,2,29.3 ,3,3757,9521
162.4,1,13760,14270,495,28,二梯八梯,1995,2,4,45.8 ,7,4713,4579
111,1,8961,12872,590,30,两梯八户,1995,1,2,28.5 ,7,5876,4835
100.2,1,10875,9515,228,9,一梯六户,1995,3,3,29.2 ,3,3155,6716
134.3,2,12785,13495,250,7,一梯四户,1995,3,4,37.1 ,3,7075,5840
91,2,9200,8565,265,9,一梯二梯,1996,1,2,15.4 ,3,3555,4331
93.9,1,8842,8569,301,9,一梯四梯梯,1996,1,2,18.9 ,1,4518,3734
95.8,2,8563,9825,245,7,一梯两户,1996,3,2,18.0 ,1,3567,4793
78.9,2,7857,9491,250,7,一梯四户,1996,1,1,20.7 ,3,3720,5524
78.9,2,7857,9491,250,7,一梯四户,1996,1,1,20.7 ,3,3720,5524
96.3,1,10442,7287,420,8,一梯三户,1996,1,1,25.1 ,3,3413,6767
96.3,1,10442,8437,420,8,一梯三户,1996,1,1,13.7 ,3,3413,4014
112.8,2,10442,10848,208,7,一梯梯四梯梯户,1996,3,3,22.2 ,5,3953,4554
93,2,9141,11174,180,7,一梯四户,1996,3,4,21.4 ,3,4385,5645
93.3,2,8556,10832,180,7,一梯四梯梯,1996,3,4,23.6 ,7,3617,6951
76.4,2,7757,8981,525,9,一梯四户,1996,2,2,19.0 ,1,4671,3815
95.9,1,8800,10976,542,8,一梯四户,1996,2,3,21.7 ,5,2918,3861
79.8,2,9612,9204,382,9,一梯四户,1996,2,2,20.6 ,7,3240,6347
76.2,2,7408,10282,436,9,一梯四户,1996,2,2,19.9 ,3,3319,6535
95.9,1,8455,11341,542,8,一梯四户,1996,2,4,21.7 ,7,2918,4116
79.8,2,9332,8550,382,9,一梯四户,1996,2,1,20.6 ,7,3260,6347
78.9,2,7857,10840,250,7,一梯四户,1996,1,1,20.7 ,3,3720,5524
93.6,2,13037,7727,338,9,一梯六户,1996,1,1,35.3 ,1,6980,7727
106.3,2,8460,13277,150,7,一梯两户,1996,3,2,31.4 ,1,4195,4695
85.6,2,7861,11423,168,7,一梯四户,1996,3,4,20.2 ,3,4546,4405
88,2,10622,8723,163,7,一梯四户,1996,3,3,27.2 ,1,3684,7389
86.8,1,9116,10056,210,16,两梯八户,1996,3,6,11.2 ,2,3577,3140
87.2,2,13222,9534,240,9,一梯两户,1996,2,2,24.2 ,2,3418,5531
93,2,8450,10626,156,7,一梯四户,1996,3,8,20.0 ,4,4899,4102
92.6,2,3305,12346,540,9,一梯四户,1996,1,2,32.1 ,3,5550,5788
98,1,9385,8855,860,29,三梯六户,1996,1,1,33.2 ,3,3350,7295
131.5,1,17451,10085,860,29,两梯六户,1996,1,2,45.0 ,8,4500,6000
104.7,1,14340,8598,618,25,两梯十户,1996,2,3,19.8 ,1,3217,6185
96.3,2,6692,10288,285,9,一梯六户,1996,1,4,34.0 ,3,8432,6562
85.9,1,10759,9804,248,16,两梯八户,1996,3,7,18.2 ,4,3411,5022
100.2,1,8808,12904,390,19,两梯六户,1996,2,2,16.4 ,3,3839,4277
79.1,2,11325,9705,185,8,一梯四户,1996,3,3,25.0 ,7,9425,4646
66.8,1,7111,12249,272,9,一梯十户,1996,2,6,10.1 ,4,2906,3492
102.6,1,9020,9059,428,8,一梯两户,1996,2,1,36.3 ,7,6092,5332
78.3,1,8434,8304,510,8,一梯两户,1996,2,3,13.4 ,3,2846,4723
79.3,1,8529,8405,490,8,一梯两户,1996,2,4,10.1 ,7,2710,3744
70.3,2,6253,9957,490,9,一梯六梯,1996,2,3,22.6 ,3,3100,8622
115.7,1,8530,12870,313,11,一梯两户,1996,3,4,13.7 ,3,3720,3690
116,1,11810,8820,370,14,两梯三户,1996,3,1,21.3 ,3,3770,5620
127,1,12150,10920,260,17,两梯四户,1996,3,1,19.6 ,3,4170,4710
121.9,1,13286,10281,560,9,两梯十户,1996,2,1,50.3 ,5,8559,5343
85.2,1,10259,8012,390,8,一梯五户,1996,2,1,24.4 ,3,4282,5698
95,1,11711,5958,330,16,两梯八户,1996,3,8,29.7 ,4,7439,3678
113.4,2,8880,13182,290,8,一梯两户,1996,3,3,23.4 ,3,4319,5257
98.5,2,9572,11540,275,8,一梯两户,1996,3,4,26.5 ,3,3872,6944
103.9,2,9727,11955,280,8,一梯两户,1996,3,4,36.9 ,3,3784,9553
70.7,2,7726,8840,186,9,一梯三户,1996,2,2,19.0 ,5,4880,3799
110,2,10134,10465,250,7,一梯三户,1997,3,6,2.2 ,4,5318,4073
83.1,2,6191,12310,130,6,一梯二梯,1997,3,7,11.2 ,2,3211,3532
89,2,6776,12399,312,8,一梯一户,1997,1,4,25.1 ,7,3363,5898
76.8,1,7144,9817,535,19,两梯六户,1997,1,2,0.0 ,9,0,0
114,1,14426,9834,980,19,两梯六户,1997,1,1,0.0 ,9,0,0
103.2,1,10016,10977,560,24,三梯八户,1997,1,1,22.2 ,3,6446,3447
143.2,1,9575,16217,930,32,两梯五户,1997,1,1,38.2 ,1,6453,5923
102.5,1,10664,13659,430,25,两梯六户,1997,1,4,25.8 ,3,5373,4632
128,1,14640,17649,680,22,四梯十五户,1997,1,1,39.6 ,3,7023,5882
98.1,1,10104,7646,520,22,四梯十五户,1997,1,2,22.0 ,1,4579,2955
78.8,1,11064,6465,585,19,两梯六户,1997,2,2,26.4 ,1,3057,6465
82.4,2,9316,9268,350,8,一梯五户,1997,1,1,24.9 ,3,3442,6844
94.4,2,10175,11756,720,8,一梯两户,1997,1,4,16.7 ,3,3279,5153
130,1,14903,7689,105,27,两梯八户,1997,1,5,20.5 ,7,4734,4719
75.6,1,11257,10006,442,28,三梯六户,1997,2,3,11.5 ,1,3822,3024
82.3,2,9690,10114,310,5,一梯四户,1997,1,2,16.5 ,5,3921,4486
74.6,1,10395,8565,280,6,一梯四户,1997,1,4,22.8 ,5,3534,6124
94.4,2,10175,11756,720,8,一梯两户,1997,1,3,16.7 ,3,3279,5153
147.7,1,15550,10786,680,32,三梯六户,1997,1,2,37.7 ,7,6462,6071
95,1,10803,9514,435,9,三梯三户,1997,1,2,33.9 ,7,7915,7064
94.1,2,7791,9819,165,7,一梯两户,1997,3,4,20.9 ,3,4252,5030
50.4,2,4161,10450,175,7,一梯三户,1997,2,4,14.3 ,5,3355,4161
103,2,12184,11738,528,9,一梯两户,1997,2,4,35.7 ,3,5298,9246
99.6,1,11696,9413,520,17,两梯八户,1997,2,1,15.9 ,3,3468,4588
77.5,2,7805,10668,230,8,一梯两户,1997,1,3,18.5 ,3,4069,4490
95,1,10803,9219,435,9,三梯三户,1997,1,2,33.9 ,7,6590,7064
83.6,2,9106,10558,178,7,一梯四户,1997,3,1,29.9 ,7,9106,9205
80.2,2,8361,9548,178,7,一梯四户,1997,3,3,27.1 ,3,8361,7978
80.2,2,7433,9363,185,7,一梯四户,1997,3,3,21.6 ,3,7433,6177
82.6,2,8180,8886,172,7,一梯四户,1997,3,3,23.0 ,5,8180,8020
105.7,1,1021,6780,105,12,一梯四户,1997,2,1,0.0 ,9,0,0
100.3,1,11053,7741,290,16,一梯十一户,1997,3,3,27.8 ,1,3346,7741
102.9,1,9980,9485,607,9,一梯四户,1997,2,3,32.1 ,7,5299,4232
82.8,1,8874,9275,327,17,两梯八户,1997,2,5,9.9 ,9,2592,3824
80.8,1,10405,9898,350,17,两梯八户,1997,2,4,23.1 ,3,6640,5388
105.1,1,10857,9391,315,20,二梯一梯一梯,1997,3,2,13.4 ,3,3438,3894
100.3,1,10865,8567,310,16,一梯一梯一梯,1997,3,8,15.0 ,2,2339,6419
84.6,2,8734,8422,306,9,一梯五户,1997,1,3,13.0 ,3,3283,3956
108.5,1,8770,12080,972,22,二梯八梯,1997,2,1,30.3 ,5,3924,6495
109.3,1,7565,10770,760,22,二梯八梯,1997,2,1,29.7 ,1,3886,5565
104.1,1,7832,11130,750,33,三梯梯7户,1997,1,3,34.7 ,1,4512,7692
77.3,1,9003,8115,425,33,三梯梯九梯户,1997,1,4,22.8 ,3,4134,5503
94.2,1,9723,7680,538,33,三梯梯八梯户,1997,1,3,30.2 ,3,2750,7680
95.3,1,9969,11107,408,39,三梯八户,1997,2,2,43.4 ,2,9969,6357
167.7,1,15306,9470,760,39,三梯八户,1997,2,1,56.5 ,1,5537,9470
129,1,9894,10773,300,9,一梯三户,1997,2,2,25.0 ,5,5825,7328
129,1,9894,11073,300,9,一梯三梯,1997,2,2,25.0 ,5,5825,4300
95.4,1,11841,7954,440,30,三梯八户,1997,1,1,26.8 ,5,5817,7954
85.2,2,9402,11601,240,6,一梯四户,1997,3,8,31.8 ,2,4249,9006
105.5,2,9561,9470,250,8,一梯三户,1997,3,4,28.8 ,3,3095,6193
92.1,2,9806,10113,228,7,一梯四户,1997,3,2,25.0 ,3,3777,3654
94.7,2,10686,11303,205,6,一梯四户,1997,3,2,22.4 ,3,3442,6056
208,2,9897,9884,208,7,一梯四户,1997,3,2,25.6 ,3,3858,6637
128.5,1,12431,9786,730,25,两梯七户,1998,1,4,37.7 ,3,5035,6381
94.3,1,7630,11920,480,31,三梯八户,1998,1,1,16.4 ,1,5210,3140
77.3,2,10330,6342,152,7,一梯四户,1998,3,1,17.9 ,7,4318,4141
81.3,2,7406,11417,178,8,一梯两户,1998,3,4,22.1 ,3,4327,6722
73.8,2,7321,12212,180,8,一梯三梯,1998,3,3,21.7 ,3,4673,5967
82.9,1,7380,11900,198,7,一梯六户,1998,3,3,20.7 ,7,4060,5100
107,2,9960,10760,250,9,一梯四户,1998,3,2,16.5 ,3,3820,4330
122,1,1162,9354,239,7,一梯四梯梯,1998,3,3,33.0 ,7,5147,5672
85.7,1,11031,7688,170,7,一梯四梯梯,1998,3,3,15.0 ,7,4350,2500
99.2,1,9917,8554,645,30,三梯八户,1998,2,4,28.4 ,5,4998,5289
133.8,1,10907,14586,850,27,两梯十二户,1998,2,1,42.3 ,3,7491,5705
99.2,1,8790,11455,590,30,三梯八户,1998,2,3,24.0 ,1,4685,5115
82.5,2,8320,10570,179,8,一梯二梯,1998,3,4,23.8 ,3,4243,5602
107.1,2,11072,9109,180,7,一梯四梯梯,1998,3,3,18.1 ,7,4873,3722
84.8,2,9716,10309,788,6,一梯四户,1998,1,1,23.0 ,3,3655,6302
136.1,1,14238,11990,988,30,两梯四户,1998,2,1,33.4 ,3,4487,9285
78.5,1,9844,9019,530,30,两梯八户,1998,2,6,26.7 ,4,3886,8032
136.1,1,13525,11015,1000,30,两梯四户,1998,2,2,25.0 ,3,4141,7098
136.1,1,14340,9486,988,30,两梯四户,1998,2,2,33.4 ,3,4524,6781
86,2,9398,8773,405,9,一梯四户,1998,2,5,26.6 ,6,3133,8505
136.1,1,13525,10178,1000,30,两梯四户,1998,2,2,29.4 ,3,4175,7042
138.4,1,11016,12562,840,11,一梯四户,1998,2,3,38.0 ,7,3431,9087
86.1,1,8802,11270,500,8,一梯二梯,1998,1,4,13.3 ,3,3164,3422
165.1,1,15724,16420,1390,38,三梯八户,1998,1,3,47.2 ,7,5919,7403
79.5,2,9468,9363,225,6,一梯四户,1998,3,1,14.6 ,7,3546,4110
80.1,2,9116,9220,213,6,一梯三户,1998,3,1,14.5 ,7,3610,4004
219.5,2,10080,17015,2100,6,一梯两户,1998,2,3,56.2 ,7,6840,6555
123.8,1,11974,12703,620,30,两梯十六户,1998,1,4,19.2 ,1,5535,3472
109.7,1,12827,9024,850,28,三梯八户,1998,1,4,23.5 ,1,5450,3648
81,2,9453,9738,450,9,一梯五户,1998,1,4,27.4 ,3,5065,6101
104,2,8700,13450,135,7,,1998,3,3,19.7 ,1,4200,4700
54,2,8382,6157,249,7,一梯七户,1998,2,4,14.8 ,5,3057,4973
80.1,2,12687,6572,200,4,一梯两户,1998,3,2,13.6 ,1,3317,4110
97,2,8177,10890,220,7,一梯两户,1998,3,3,19.4 ,3,4492,3638
80,1,11030,11940,310,4,一梯一梯,1998,3,4,13.5 ,3,3356,4135
86.9,2,8815,11096,420,8,一梯十四户,1998,2,3,22.4 ,7,2870,9110
107.1,2,11612,9209,180,7,一梯四户,1998,3,3,20.5 ,7,4873,4222
136.7,2,12115,12305,265,8,一梯俩户,1998,3,4,30.3 ,3,4856,7254
123.5,2,11201,12184,238,8,一梯俩户,1998,3,3,31.1 ,3,5693,5456
83,1,12914,7882,185,8,一梯八户,1998,3,5,21.8 ,6,5339,4079
79,2,8745,10666,260,8,一梯两户,1998,2,4,21.7 ,3,3194,7931
93,2,8518,10930,340,8,一梯四户,1998,2,3,22.3 ,7,3087,7239
113.2,2,10457,14566,313,9,一梯一户,1998,2,2,23.7 ,3,3235,6787
93.9,1,7902,12782,330,12,一梯九梯,1998,1,2,23.9 ,5,3945,5931
68.8,1,8980,6892,235,12,二梯八梯,1998,1,4,19.9 ,7,5879,3159
104.4,1,12517,9073,468,9,一梯四户,1998,1,4,29.9 ,3,8600,3479
120,1,10149,11190,750,9,一梯四户,1998,1,1,39.7 ,3,10149,3920
115.2,2,11673,11040,498,9,一梯六户,1998,2,3,24.3 ,5,3891,6990
131,1,10682,13500,695,17,两梯七户,1998,2,3,23.4 ,4,3705,5922
77.2,1,7069,13021,426,9,一梯五户,1998,1,4,5.7 ,9,2763,2073
93.1,1,6747,12828,510,9,一梯五户,1998,1,4,27.7 ,7,3947,7744
77.3,1,9437,9410,490,9,一梯两户,1998,1,2,22.2 ,3,3631,6051
90.8,1,8587,9226,320,9,一梯四户,1998,1,4,29.2 ,2,5212,5692
96.6,1,11612,7670,390,9,一梯六户,1998,1,4,34.5 ,3,8395,6237
96,1,11557,7619,360,9,一梯六户,1998,1,4,24.9 ,3,3723,6419
84.8,1,7199,13361,300,9,一梯四户,1998,1,4,21.5 ,1,3775,5693
79,1,9497,7780,375,7,一梯两户,1998,1,2,15.3 ,3,3452,4415
75.3,2,9930,8889,179,8,一梯八户,1998,3,5,16.2 ,4,4389,3469
107,2,11870,11696,300,6,一梯四户,1998,3,6,14.7 ,4,3870,3803
96.2,2,10423,11620,300,6,一梯四户,1998,3,5,15.1 ,2,3918,3857
81,2,6948,13644,205,4,一梯两户,1998,3,6,17.8 ,2,4102,4934
90,1,9898,7973,325,22,两梯八户,1998,2,2,24.2 ,1,2886,6119
91.2,1,8070,11730,950,38,三梯八户,1998,2,6,0.0 ,9,0,0
101.7,2,9997,8591,278,6,一梯四户,1998,3,5,26.2 ,2,3742,6117
97.5,2,10294,8647,268,7,一梯四户,1998,3,4,30.2 ,5,3890,8647
71.4,2,6508,14445,480,7,一梯一户,1998,2,4,19.5 ,3,3307,5577
70,2,7726,11592,468,7,一梯两户,1998,2,3,17.4 ,5,5266,3239
109.5,1,8910,11544,930,32,三梯十四户,1998,2,1,15.4 ,1,4402,3530
113,1,7492,16106,900,32,三梯十七户,1998,2,3,28.2 ,5,6600,5026
92,1,9954,8833,538,27,两梯八户,1998,2,2,27.3 ,3,3714,5512
101,1,9014,11075,318,9,一梯四梯梯,1998,3,7,30.1 ,3,3417,4910
122,2,8957,15462,420,4,一梯二梯,1998,3,1,23.8 ,3,4079,5840
117,2,9987,13938,310,6,一梯四梯梯,1998,3,8,40.4 ,1,5861,5308
117.4,2,10205,20028,350,7,一梯四梯梯,1998,3,7,38.9 ,6,3508,6090
117.5,2,10045,13062,329,7,一梯四梯梯,1998,3,3,29.1 ,1,3735,7795
85.3,2,8099,10700,600,8,一梯二梯,1998,1,1,22.0 ,7,3645,5705
98,1,10922,13532,470,9,一梯六梯,1998,1,1,20.0 ,1,10922,3813
85.5,2,6876,10588,287,9,一梯六户,1998,1,3,12.0 ,9,3337,3605
69.1,1,6406,8338,190,9,一梯三户,1998,2,1,21.2 ,5,3269,7067
98.7,1,9631,7236,293,9,一梯六户,1998,2,1,28.9 ,1,3282,7236
128.8,1,12863,8548,366,9,一梯四户,1998,2,1,56.2 ,3,10209,8548
78.5,1,7097,8767,250,27,两梯八户,1998,2,3,30.3 ,1,3450,8767
93.7,1,12631,9364,398,12,一梯二梯五梯,1998,1,2,27.1 ,7,3606,6188
73.2,1,12092,6019,329,12,一梯二梯五梯,1998,1,2,20.2 ,7,4190,4577
110.4,1,9689,7341,499,19,二梯二梯,1998,1,3,15.4 ,3,1983,3357
110,1,8173,12310,500,19,二梯二梯,1998,1,1,30.3 ,7,3305,8568
110.4,1,12036,7907,499,19,两梯九户,1998,1,3,15.4 ,1,3357,1983
93.7,1,9364,12631,398,12,一梯八户,1998,1,2,27.1 ,1,3606,6188
73.2,1,12212,6039,329,12,一梯八户,1998,1,2,20.2 ,7,4190,4577
110,1,8173,12310,500,19,两梯九户,1998,1,2,30.3 ,7,3305,8568
168.9,1,15921,12119,1315,30,三梯梯四梯梯户,1998,1,3,44.1 ,1,5760,7904
111.5,1,12915,10640,695,30,三梯梯一梯二梯户,1998,1,4,20.2 ,9,3915,4408
90.5,1,6990,10765,350,28,三梯六户,1998,3,2,12.9 ,3,3694,3480
87.5,1,6858,12699,268,9,一梯五户,1998,1,7,19.1 ,4,5799,3289
79.7,1,10288,8773,320,9,一梯八户,1998,1,5,26.5 ,6,5010,6143
79,1,10317,7468,308,9,一梯八户,1998,1,2,24.0 ,5,5142,4778
85.8,1,6744,10728,290,9,一梯八户,1998,1,1,39.1 ,5,10102,3695
85.9,1,8378,11879,328,20,两梯八户,1998,1,4,20.1 ,5,4551,4440
112,1,12112,5200,426,20,两梯八户,1998,1,2,22.8 ,1,4141,5200
108.7,1,12876,7423,398,15,两梯八户,1998,1,4,16.2 ,7,4140,3916
143.9,1,11269,12476,990,31,两梯七户,1998,2,3,39.0 ,1,4373,9533
85.7,1,11031,11031,170,7,一梯四梯梯,1998,3,3,27.2 ,7,4350,4350
122,1,11280,11280,239,7,一梯四梯梯,1998,3,3,42.8 ,7,5147,4604
90.5,1,10794,6146,197,7,一梯二梯,1998,3,1,23.6 ,7,3442,3442
83,1,11340,8148,350,7,一梯四户,1998,2,3,25.8 ,1,4562,5868
118,2,10008,10287,320,7,一梯五户,1998,3,7,16.3 ,4,4151,3924
89.7,1,8286,9481,309,12,一梯五户,1998,3,7,11.3 ,4,3873,2919
84.3,2,9782,10332,225,8,一梯四户,1998,3,4,26.5 ,7,3990,6431
78,2,8564,10811,200,7,一梯两户,1998,3,4,27.7 ,3,3590,7485
80.1,2,7350,14521,220,10,一梯四梯梯,1998,2,4,38.6 ,5,4050,7350
88,2,10998,7442,330,8,一梯五户,1998,1,3,22.1 ,1,3260,7442
103.7,2,14764,8375,610,9,一梯三户,1998,1,1,40.3 ,3,6072,6000
118.8,1,9378,12813,382,12,一梯三梯,1999,1,2,22.0 ,1,3939,5597
60.9,2,5870,10895,169.5,9,一梯四户,1999,1,6,18.2 ,9,3193,5622
60.9,2,5870,10895,169.5,9,一梯四户,1999,1,6,18.2 ,9,3193,5622
101.6,2,10341,10435,345,7,一梯三户,1999,1,3,35.1 ,7,3955,6380
66.5,1,10203,5970,460,50,一梯六户,1999,1,6,0.0 ,9,0,0
128.5,1,12571,8535,730,25,一梯七户,1999,1,4,0.0 ,9,0,0
86.9,1,6841,9852,460,10,一梯四户,1999,1,4,0.0 ,9,0,0
126.2,1,10887,12427,625,9,一梯四户,1999,1,1,17.7 ,3,4199,4218
134,1,8730,15929,800,26,两梯八户,1999,1,4,27.5 ,3,3593,7645
68.1,2,9352,10701,308,17,一梯十户,1999,2,1,20.9 ,7,3099,8127
130.2,1,16342,10379,860,11,一梯五梯,1999,1,1,130.2 ,3,6975,8322
74.5,1,6112,9154,202,15,两梯六户,1999,2,1,22.1 ,3,3134,6468
100.7,2,11270,12088,250,9,一梯三户,1999,2,4,15.4 ,5,3379,5553
110,1,12041,11586,1000,32,三梯八户,1999,1,4,28.7 ,3,3467,7361
72.1,1,6687,11115,348,10,一梯五户,1999,1,3,15.4 ,3,3636,5698
85,2,8382,12831,340,9,一梯四户,1999,1,2,27.4 ,5,3784,6671
82.3,2,8216,11207,315,9,一梯四户,1999,1,4,26.1 ,5,3541,8216
85.4,2,8236,12471,335,9,一梯四户,1999,1,1,36.2 ,2,3888,9682
76.6,1,8454,10069,380,9,一梯六户,1999,1,4,25.7 ,1,5482,6305
116,1,12172,10166,688,34,两梯六户,1999,2,4,12.2 ,5,4110,3673
69.3,2,12342,4335,288,9,一梯四户,1999,2,2,19.8 ,7,4898,4335
83,2,9275,9744,275,9,一梯九户,1999,1,4,31.7 ,5,3645,6930
84,2,8286,8999,295,9,一梯三户,1999,1,1,28.4 ,1,2978,7578
67,2,8919,9483,185,9,一梯五户,1999,1,4,22.4 ,3,3516,5881
116,1,9116,13439,450,9,一梯八户,1999,1,4,20.9 ,7,3336,4575
86.5,2,9605,9120,218,7,一梯四户,1999,3,2,17.8 ,3,4000,4453
106.9,1,13872,7746,320,4,一梯一梯,1999,3,4,24.8 ,7,5944,4170
81.7,1,11215,11650,310,4,一梯一梯,1999,3,3,24.8 ,3,5835,4255
98.7,2,10319,8805,350,9,一梯两户,1999,2,1,28.8 ,3,3419,5836
76.4,1,8091,10312,293,12,一梯六梯,1999,1,2,19.0 ,1,3622,5239
109.9,1,11315,10312,360,13,一梯六梯,1999,1,8,29.3 ,1,3265,8240
55.2,1,9051,8240,162,6,一梯四梯梯,1999,1,1,19.4 ,7,6080,4480
115.6,1,14485,9374,462,12,二梯六梯,1999,1,3,35.1 ,7,4554,7215
95.2,1,13382,7719,368,8,一梯二梯,1999,1,5,25.0 ,6,5132,3261
60.3,2,9405,6525,180,6,一梯四梯梯,1999,1,2,20.3 ,9,4830,5060
95.6,1,12087,9790,430,9,一梯三户,1999,1,1,35.8 ,1,4635,8310
105,1,12294,9870,448,9,一梯三户,1999,1,3,35.7 ,7,4526,6642
130.6,1,9810,16191,1010,28,两梯八户,1999,1,1,49.2 ,1,6855,8010
118.9,1,12500,13020,661,32,三梯九户,1999,1,1,35.6 ,3,5655,6270
109,1,13404,8780,850,28,两梯八户,1999,1,3,31.5 ,3,3885,4461
128.1,2,11857,12907,578,7,一梯两户,1999,2,3,31.2 ,3,7049,7039
82.1,1,9643,8077,395,7,一梯五户,1999,2,4,15.5 ,8,3112,5800
107.8,1,14412,8388,490,9,一梯六户,1999,1,6,37.1 ,3,3509,5361
90.8,2,6572,14337,248,8,一梯三户,1999,1,1,24.6 ,3,3492,7082
65.6,1,9615,9445,255,10,一梯六户,1999,1,3,27.4 ,3,5935,5610
76.6,1,6398,9890,300,8,一梯两户,1999,1,4,21.1 ,3,3360,5236
90.4,2,9691,9513,245,7,一梯四户,1999,3,1,12.0 ,3,3328,3594
86.7,2,9159,13169,238,7,一梯四户,1999,3,1,13.4 ,7,3134,4066
103.4,2,10072,10817,170,7,一梯四户,1999,3,6,27.1 ,2,4249,6380
96.6,2,9681,9266,188,7,一梯四户,1999,3,8,22.3 ,8,4111,5424
87.7,2,7670,11660,174,7,一梯两户,1999,3,7,13.9 ,6,3620,3830
66.6,2,4994,13196,338,3,一梯一户,1999,2,4,20.0 ,9,3169,4019
75,2,8004,9194,155,8,一梯四户,1999,3,3,28.7 ,7,3647,7649
81.7,2,14485,5245,135,6,一梯六户,1999,3,4,18.3 ,7,14485,4489
110,1,1204,11590,1000,32,三梯八户,1999,2,3,0.0 ,9,0,0
129,1,1251,9120,1180,32,三梯六户,1999,2,3,0.0 ,9,0,0
47.5,2,7400,6020,189,9,一梯五户,1999,2,3,15.2 ,7,3895,4560
74.9,1,12585,8011,412,19,两梯八户,1999,2,8,22.9 ,7,6302,3633
66.7,2,10849,7077,252,9,一梯五梯户,1999,2,3,24.3 ,3,4185,7077
96.8,1,9977,10537,315,9,一梯四户,1999,1,1,25.1 ,3,4904,5122
146.7,2,19381,7402,345,8,一梯四户,1999,1,1,45.8 ,5,6148,7402
97.4,1,9555,10351,308,9,一梯四户,1999,1,1,14.0 ,3,4785,5837
89.9,2,9702,9492,258,9,一梯五户,1999,1,3,23.3 ,7,3740,5865
137.5,1,7160,18305,325,8,一梯四户,1999,1,1,26.0 ,1,6080,4276
94.7,2,8792,12247,268,9,一梯五户,1999,1,4,15.7 ,3,3027,4415
90.9,1,8266,12498,210,7,一梯四户,1999,3,3,28.3 ,5,9064,5187
37,1,8165,12745,150,8,一梯四户,1999,3,1,0.0 ,7,0,0
93.5,1,10579,11141,392,12,一梯七户,1999,1,4,24.1 ,7,4940,4300
145.6,1,8661,7787,1200,14,二梯六梯,1999,2,1,26.8 ,3,4066,6474
76.4,1,8091,10312,293,12,一梯六户,1999,1,1,19.0 ,7,3622,5239
86.5,1,8394,10710,240,9,五梯,1999,2,4,24.6 ,3,3124,7383
66.6,1,4994,15602,338,3,一梯一户,1999,2,4,20.0 ,5,1906,6056
86.3,2,9589,7505,320,6,一梯四户,1999,3,2,15.5 ,3,3996,3088
95.1,2,11273,7415,342,6,一梯四户,1999,3,7,13.9 ,4,3746,3708
95,2,10123,10592,390,6,一梯四户,1999,3,7,14.8 ,4,3783,4063
83.7,1,8566,9810,390,9,一梯四梯梯,1999,2,3,33.9 ,7,3220,5483
65,2,7819,8435,130,5,一梯三十六户,1999,3,4,12.9 ,1,3729,3447
66.5,2,7668,9647,134,5,一梯三十五户,1999,3,6,12.7 ,6,3928,3267
114,1,10512,10764,450,11,一梯四户,2000,3,5,17.5 ,2,3847,4537
114,1,8921,9910,450,11,一梯四户,2000,3,6,13.0 ,6,3204,4047
103.7,1,14490,6843,650,28,三梯八户,2000,1,3,0.0 ,9,0,0
78.8,2,6203,10937,365,10,一梯三户,2000,1,3,24.8 ,3,3286,7719
82.4,2,7370,11388,179,8,一梯二梯,2000,3,4,25.0 ,3,3801,4701
77.8,1,7830,9530,218,8,一梯两户,2000,3,5,16.8 ,4,3620,4660
83.4,1,7020,11270,218,12,一梯四户,2000,3,2,10.2 ,3,2870,3550
102,2,12716,6238,244,7,一梯四户,2000,3,2,13.9 ,7,4030,3443
100.8,2,9992,9277,299,8,一梯四户,2000,3,1,13.5 ,3,2231,3609
97.1,2,9943,8752,262,8,一梯四户,2000,3,6,13.3 ,2,3556,3731
105.9,1,8824,15527,730,31,三梯九户,2000,1,1,39.2 ,3,3517,12885
95.1,1,8374,11241,600,32,三梯十六户,2000,1,1,25.3 ,2,2289,3025
128.3,1,7210,15963,700,16,两梯十一户,2000,1,2,20.2 ,5,4000,3502
83.9,2,10375,8840,420,9,一梯五户,2000,2,2,28.6 ,3,7420,3205
110,2,11345,11924,680,9,一梯五户,2000,2,3,42.1 ,3,4083,10504
86.7,2,7088,110851,372,8,一梯四户,2000,1,4,27.3 ,7,4131,7599
69.5,2,6223,11041,350,9,一梯四户,2000,1,4,17.8 ,9,3703,3727
107,2,10231,9525,458,8,一梯四户,2000,1,3,30.5 ,7,3801,7903
109.3,1,9911,11059,655,30,三梯九户,2000,2,3,28.5 ,1,4133,6412
80.3,1,6792,4729,455,30,三梯一梯,2000,1,2,15.5 ,7,4735,2889
98,1,6686,14041,310,16,两梯八户,2000,2,3,17.5 ,7,4898,3159
81.6,2,9324,11167,360,9,一梯八户,2000,2,3,23.2 ,7,4044,7589
90.8,1,8218,13885,436,28,两梯十二户,2000,2,4,29.2 ,7,4240,7116
133,1,11911,14104,668,28,两梯十二户,2000,2,4,34.8 ,3,4132,5543
133.6,1,10923,13758,599,28,两梯十二户,2000,2,4,27.8 ,3,3292,6255
120.4,1,10681,11373,450,12,两梯五户,2000,2,2,27.0 ,5,4036,6677
92.7,2,7910,13758,257,7,一梯两户,2000,3,4,19.5 ,3,3497,5569
91.4,2,7731,14028,256,7,一梯两户,2000,3,4,19.8 ,3,3475,5705
119.7,2,9755,13610,259,7,一梯两户,2000,3,1,27.0 ,5,5110,5290
114.6,2,12330,110855,310,7,一梯三户,2000,3,4,25.2 ,3,4509,5385
213.5,1,12912,13528,2420,3,一梯一户,2000,2,6,24.8 ,3,4357,5526
97.3,2,16756,7642,309,8,一梯五户,2000,2,4,22.5 ,5,5922,3814
78.7,2,8350,8439,448,9,一梯四户,2000,2,4,12.0 ,7,2761,4331
134.9,1,13247,13000,510,10,一梯四梯梯,2000,3,8,24.4 ,3,3967,6088
133.6,1,9924,10374,1250,29,三梯七户,2000,2,1,19.6 ,3,3601,5433
117.7,2,11331,12919,370,9,一梯两户,2000,1,3,26.1 ,3,5726,4557
69.6,2,7270,8617,193,8,一梯四户,2000,3,8,20.7 ,4,3796,5455
85.9,1,9165,9742,235,26,两梯五户,2000,3,1,15.7 ,7,3715,4201
86.9,1,9269,9092,439,13,二梯六户,2000,1,1,26.0 ,3,3681,7649
88.5,1,11418,8975,488,18,两梯六户,2000,1,4,30.9 ,3,8244,4359
88,1,8808,9449,528,15,两梯六户,2000,1,2,25.8 ,7,3592,9449
93.1,2,9724,11562,450,7,一梯两户,2000,1,4,22.8 ,7,3477,7059
97.8,1,7450,11871,650,18,两梯六户,2000,1,1,32.2 ,3,4852,8740
101,1,11530,12314,538,29,三梯十一户,2000,2,4,29.4 ,5,4553,5027
82.8,1,7077,11765,450,29,三梯十一户,2000,2,2,14.4 ,1,4014,3581
101.4,1,6780,12180,700,29,三梯十一户,2000,2,3,35.3 ,3,4929,6045
106.6,1,12902,9505,681,30,四梯十六户,2000,2,3,30.2 ,1,3855,6345
87.8,2,10506,10800,255,9,一梯十户,2000,2,4,30.8 ,7,5339,4938
82.4,1,12052,6540,405,24,两梯八户,2000,2,4,24.0 ,9,5945,3651
127.3,1,14561,9090,535,28,两梯九户,2000,2,3,39.5 ,1,5542,7010
78,2,5024,13429,278,9,一梯三户,2000,1,3,27.0 ,7,5024,5234
112,2,11080,9108,200,4,一梯两户,2000,3,3,28.0 ,3,4262,7225
100.2,1,12457,5864,200,7,一梯四户,2000,3,3,23.6 ,3,4032,5864
76.2,2,13323,5690,405,9,一梯四户,2000,2,3,16.8 ,3,3021,5561
90.6,2,11373,10993,415,9,一梯四户,2000,2,3,19.2 ,5,4628,4157
107,1,9313,11521,643,8,一梯两户,2000,2,4,18.5 ,3,4171,5436
117,1,10398,13934,308,26,两梯五户,2000,3,5,19.2 ,6,3848,4990
95.2,1,9815,9812,275,26,两梯五户,2000,3,5,14.9 ,6,3736,3988
90.9,1,11488,12477,415,9,一梯五户,2000,1,1,30.2 ,3,4622,9628
79.2,1,8825,7902,48000,9,一梯七户,2000,2,2,8.0 ,5,3051,2615
88.9,1,10511,8038,533,31,三梯八户,2000,1,4,26.5 ,3,3056,6596
99.2,1,11739,9165,680,31,两梯六户,2000,1,4,29.9 ,7,3407,7273
78,1,9231,6840,275,9,一梯四户,2000,1,2,24.5 ,5,4188,5638
85.4,2,9191,9519,250,8,一梯四户,2000,3,3,14.5 ,7,3641,3978
89.4,2,8325,11215,202,8,一梯两户,2000,3,6,27.6 ,2,5090,5310
126,1,12130,12960,390,26,两梯五户,2000,3,4,25.1 ,3,4200,5981
104.4,1,14039,8367,312,18,两梯三户,2000,3,3,8.8 ,5,3860,2283
100.1,1,10471,11048,300,26,两梯五户,2000,3,3,20.9 ,3,3745,5571
103.4,1,11170,10008,320,16,两梯五户,2000,3,2,15.5 ,3,3550,4364
88.6,1,11310,9170,265,16,两梯五户,2000,3,3,14.3 ,3,3680,3890
101.4,1,7340,12489,700,29,三梯十户,2000,2,3,35.3 ,3,3001,6045
73.1,2,8632,8549,179,6,一梯四户,2000,3,8,21.9 ,2,8632,7405
79.7,2,8745,9495,190,6,一梯四户,2000,3,2,27.4 ,3,8745,7970
79.8,2,8650,9393,198,6,一梯四户,2000,3,3,25.6 ,3,8650,5820
116.6,1,12367,11374,480,12,两梯五户,2000,2,8,27.8 ,3,4835,8352
111.2,1,7523,12067,440,16,两梯九户,2000,2,2,20.6 ,1,5221,3885
111,1,9550,12399,440,16,两梯九户,2000,2,2,16.3 ,1,3640,4465
101.4,1,12586,8750,383,14,两梯九户,2000,2,3,13.3 ,3,4962,2688
111.3,1,11692,9411,450,18,两梯十户,2000,2,4,22.3 ,7,3824,7509
57.8,1,8651,4733,260,18,两梯十一户,2000,2,3,15.3 ,1,6179,4733
89,1,13029,6699,370,18,两梯十户,2000,2,4,14.0 ,7,3788,3696
107.8,2,9650,14440,623,9,一梯三梯,2000,1,4,46.5 ,3,8105,10550
101,2,11845,10680,465,8,一梯二梯,2000,1,3,29.6 ,5,7960,7292
78.7,2,7750,11056,338,5,一梯二梯,2000,1,4,19.5 ,3,3365,4061
101.9,2,9888,10393,419,9,一梯八梯,2000,1,2,36.3 ,3,6263,9025
119.2,2,14711,10627,520,9,一梯八梯,2000,1,1,27.0 ,7,4496,3367
132.6,1,11840,13921,335,19,两梯八户,2000,1,7,24.7 ,1,4412,5592
98.5,1,8471,12643,235,19,两梯八户,2000,1,5,18.2 ,7,2325,7919
82.9,1,11172,7355,315,16,两梯八户,2000,1,4,14.0 ,7,5049,2776
83,1,,7664,310,16,两梯八户,2000,1,3,13.7 ,9,4981,2784
83.8,1,6816,11554,319,16,两梯八户,2000,1,2,11.7 ,7,3396,3455
92,1,10594,9546,668,31,三梯六户,2000,2,1,9.1 ,1,3612,5535
80.6,1,7637,8968,205,15,两梯八户,2000,2,2,18.6 ,5,2582,7474
63.6,1,8239,7375,210,12,一梯七户,2000,2,4,22.3 ,3,5869,4629
107.6,2,9550,10615,750,7,一梯一梯,2000,2,6,30.2 ,4,5309,5251
123.9,1,16045,8670,839,22,二梯梯八梯户,2000,1,4,38.9 ,7,5705,8670
125.5,1,11190,9960,368,32,三梯六梯,2000,3,4,27.5 ,3,3590,3570
144,1,10190,13460,408,55,四梯六户,2000,3,4,12.3 ,5,3930,3140
131.4,1,10900,11340,365,48,四梯六户,2000,3,1,16.5 ,3,3450,4790
136.7,1,12450,11120,432,11,一梯两户,2000,3,3,16.1 ,3,4590,3540
126.3,1,11570,10400,330,31,两梯三户,2000,3,4,16.4 ,7,4040,5070
99.4,1,8690,13180,329,55,四梯六户,2000,3,1,16.6 ,3,3610,4610
103,1,9840,8860,338,55,三梯六户,2000,3,4,23.0 ,3,5220,4510
158.2,1,17421,9576,580,11,一梯四户,2000,3,4,36.4 ,4,8705,5515
148,1,17444,11458,550,11,一梯四户,2000,3,3,23.2 ,2,4696,5482
82,2,14691,6217,330,9,一梯六户,2000,2,3,27.7 ,1,7326,3025
116,1,1863,6852,738,19,两梯八户,2000,2,2,36.4 ,1,9632,3783
116,1,13308,7633,738,19,两梯八户,2000,2,2,36.3 ,1,3783,9632
87.7,1,6103,15939,510,8,一梯六户,2000,2,4,33.3 ,4,5759,8777
127.2,1,8093,15536,800,29,两梯五户,2000,2,3,39.8 ,1,8093,5692
103.5,1,8338,11180,285,23,两梯八户,2000,3,3,23.4 ,3,4766,4917
88.9,1,9479,8206,252,9,一梯四户,2000,3,7,17.2 ,7,3888,4427
91.4,1,9392,11831,195,12,两梯八户,2000,3,4,13.0 ,4,4470,4000
101.3,2,8739,11061,315,6,一梯六户,2001,1,2,20.6 ,5,4414,5277
63,2,5971,8564,180,6,一梯四户,2001,1,1,19.7 ,3,3276,5422
79.8,2,7493,10527,288,6,一梯六户,2001,1,4,23.7 ,5,3330,7114
100.9,2,10255,10649,285,6,一梯四梯梯,2001,3,3,21.0 ,7,3708,7508
110,2,11242,12934,280,6,一梯四梯梯,2001,3,1,20.1 ,7,3468,8553
91.2,2,8020,10220,208,6,一梯八户,2001,3,2,13.9 ,3,3420,4070
115,2,10300,9620,220,6,一梯三户,2001,3,1,20.3 ,7,4030,5040
99.5,2,6760,10380,238,6,一梯八户,2001,3,1,16.3 ,7,3300,4880
105.2,1,8514,9664,429,9,一梯两户,2001,3,8,13.9 ,4,3718,3674
128.4,1,11515,10046,555,17,两梯四户,2001,3,1,18.6 ,3,3826,4205
100,1,7137,9396,440,8,一梯两户,2001,3,5,13.7 ,4,3120,3769
127.7,1,11627,11079,399,12,一梯四户,2001,3,2,17.9 ,7,3205,4639
134.7,1,11186,11824,535,9,一梯两户,2001,3,1,23.6 ,8,3717,5934
99.3,1,12753,8245,388,15,两梯八户,2001,2,3,26.5 ,7,4013,5984
105.1,2,11889,9114,280,9,一梯三户,2001,2,4,18.8 ,7,5525,3405
90,1,9040,9955,343,9,一梯四户,2001,2,7,25.5 ,2,5988,4188
74.3,2,7739,10080,172,7,一梯两户,2001,3,3,14.2 ,3,3426,4156
85.5,2,8422,9969,198,7,一梯两户,2001,3,4,15.6 ,3,3814,3793
91.5,1,10776,9841,600,32,两梯五户,2001,1,2,23.8 ,3,7619,4084
158.9,1,15248,11607,955,32,两梯五户,2001,1,1,60.8 ,7,8030,11607
98.5,1,7635,11563,130,15,两梯八户,2001,3,3,9.1 ,2,3489,3129
96,1,8361,12332,125,15,两梯八户,2001,3,6,15.0 ,6,3569,4691
85,1,8603,11294,130,13,一梯八户,2001,3,3,12.5 ,7,3993,3133
124.4,1,10404,10690,240,16,一梯四户,2001,3,1,20.4 ,5,4450,4484
124.1,1,10915,12200,250,16,二梯四梯梯,2001,3,3,22.0 ,3,4780,4475
105.6,2,11500,12319,356,7,一梯四户,2001,3,4,24.2 ,1,3830,3800
110.3,1,9585,11441,310,18,两梯八户,2001,3,4,15.6 ,7,3205,4860
110.9,1,11293,9564,375,18,两梯四户,2001,3,5,17.8 ,8,3385,5247
101.4,2,8216,11983,139,7,一梯两户,2001,3,4,31.5 ,3,4637,7618
88.7,2,7032,10938,130,7,一梯三户,2001,3,4,19.2 ,3,3838,4873
123.7,1,13502,7860,765,31,三梯十四户,2001,2,1,36.3 ,3,6803,6482
107.4,1,10387,12038,335,11,俩梯四户,2001,3,8,25.1 ,2,3695,6795
105.6,2,11621,10996,330,7,一梯四户,2001,3,2,15.1 ,3,3681,4090
160.9,1,9808,11641,480,7,一梯四户,2001,3,4,18.8 ,3,4601,4077
107.2,1,12137,11857,300,7,一梯四户,2001,3,1,14.8 ,3,3817,3870
110,1,10795,11032,440,18,两梯四户,2001,3,2,18.0 ,1,3493,5155
110,1,10633,11362,335,18,两梯四户,2001,3,4,15.0 ,7,4095,3728
88.3,1,10600,10235,310,7,一梯四户,2001,3,8,17.2 ,2,3855,4470
154,1,,14798,468,11,两梯四户,2001,3,5,24.2 ,6,4707,5156
149.2,1,14059,10885,576,15,两梯十六户,2001,2,2,43.9 ,3,4060,9580
99.9,1,8480,13520,676,18,两梯九户,2001,1,7,27.5 ,6,8652,2970
86.1,1,9845,7110,568,20,两梯八户,2001,1,3,19.6 ,3,2720,6225
91,1,10355,9245,660,32,三梯二十户,2001,2,2,36.0 ,2,5276,9245
144.1,1,14115,11085,800,31,三梯八户,2001,2,3,28.0 ,4,4675,7820
85.5,1,10968,9041,435,18,二梯二十户,2001,2,3,25.7 ,4,4477,4469
96.7,1,9540,11485,600,31,三梯八户,2001,2,4,31.2 ,1,4817,4961
83.5,1,7167,10781,645,32,三梯三十户,2001,2,3,20.4 ,7,2958,6924
113.1,1,9884,9025,395,31,五梯三户,2001,3,3,20.4 ,3,4202,1743
81.9,1,8055,10148,458,9,一梯四户,2001,1,3,23.5 ,3,3357,6276
93.2,1,10814,11352,500,16,两梯八户,2001,1,2,33.5 ,1,6018,8029
75,2,9997,8724,238,5,一梯四户,2001,3,2,8.3 ,3,3630,2291
107.2,2,11648,11571,295,7,一梯四户,2001,3,2,13.0 ,7,3828,3383
81,2,10212,10822,270,7,一梯四户,2001,3,1,23.0 ,3,3831,6995
89.6,2,8387,11488,298,7,一梯四户,2001,3,4,21.7 ,5,3641,4207
89.6,2,11211,8873,300,7,一梯四户,2001,3,4,29.0 ,5,3573,8831
108,1,10428,12084,305,11,两梯四户,2001,3,5,27.0 ,2,3925,6878
105.6,2,11350,10982,333,7,一梯四户,2001,3,7,26.5 ,2,3830,8555
110,1,10273,11242,335,18,两梯四户,2001,3,3,35.1 ,7,3855,
106.6,1,10468,12060,329,11,两梯四户,2001,3,5,37.0 ,4,3965,6746
109.9,1,9956,11332,325,18,两梯四户,2001,3,3,25.1 ,7,3404,7365
106.7,1,10144,11812,340,11,两梯四户,2001,3,1,24.0 ,3,3641,6585
110,1,6974,10782,336,18,两梯四户,2001,3,4,24.6 ,7,3426,7171
107.4,1,10368,9894,315,11,两梯四户,2001,3,6,26.1 ,6,3865,6746
107,2,12004,10845,333,7,一梯四户,2001,3,2,29.8 ,7,3794,7860
110.3,1,9585,10949,3310,18,两梯八户,2001,3,3,22.9 ,7,3205,
99.3,2,10635,14197,508,9,一梯两户,2001,2,3,26.3 ,7,3407,7703
85.2,2,8607,11769,198,,一梯两户,2001,3,8,33.6 ,3,8208,8241
87.4,1,12010,7070,738,22,三梯九户,2001,2,3,0.0 ,9,0,0
96.1,1,12572,8049,385,9,二梯一梯一梯,2001,1,3,25.7 ,7,4467,6500
104.2,1,7290,13585,620,18,两梯八户,2001,1,1,14.8 ,3,3112,4767
90.7,1,7440,11171,470,9,一梯四户,2001,1,1,19.4 ,1,3746,5179
95.5,1,12639,8209,480,12,一梯四户,2001,1,3,12.5 ,1,3871,3240
75.3,1,6715,10935,204,6,一梯两户,2001,3,2,23.7 ,3,3067,4288
107.9,1,12848,7972,358,6,一梯两户,2001,2,2,20.3 ,1,3378,5970
95.5,1,7725,12639,480,12,一梯四户,2001,1,3,30.7 ,1,3853,6690
56.1,2,8583,5892,445,9,一梯四梯梯,2001,2,1,13.7 ,7,5559,2570
95.8,2,8528,9750,565,9,一梯三梯,2001,2,3,28.7 ,3,4996,3304
136.8,1,10080,13170,415,11,一梯两户,2001,3,3,15.8 ,3,3650,4330
145.6,1,11820,11572,1146,31,两梯五户,2001,2,3,35.8 ,3,4036,9347
93,2,9045,10194,240,6,一梯八户,2001,3,5,25.4 ,8,3444,8632
124.1,1,10340,10340,200,16,二梯四梯梯,2001,3,3,37.0 ,3,6820,6820
126.1,1,9634,11588,240,16,二梯四梯梯,2001,3,2,31.4 ,3,3601,9748
144.7,1,10879,9337,217,15,一梯二梯,2001,3,4,40.6 ,3,4287,5387
109.6,1,8116,13528,730,32,三梯八户,2001,2,2,31.3 ,5,7141,3686
83.4,1,10264,9134,500,32,三梯八户,2001,2,2,25.0 ,5,3418,4894
99.2,2,10324,6978,315,6,一梯四户,2001,3,5,14.5 ,8,4153,3489
97.6,1,9468,10276,200,11,一梯四梯梯,2001,2,1,25.1 ,7,3246,6503
90.4,2,9593,10642,260,6,一梯四户,2001,3,3,31.1 ,3,3477,8896
105,1,7689,14186,668,32,两梯六户,2002,2,2,30.5 ,5,4122,5992
87,2,9480,9350,175,6,一梯四梯梯,2002,3,6,14.4 ,6,3905,3880
88,2,8273,10716,206,7,一梯两户,2002,1,4,21.1 ,7,3755,5317
93.6,1,11030,9195,610,32,两梯八户,2002,1,2,0.0 ,9,0,0
144,1,13178,10546,960,23,三梯六户,2002,1,4,0.0 ,9,0,0
200.6,1,16638,11072,1200,29,两梯二十一户,2002,1,2,45.6 ,3,7626,5981
104.5,2,11237,10440,236,6,一梯四梯梯,2002,3,3,22.2 ,7,3784,8361
113.3,1,11304,10269,265,11,一梯四梯梯,2002,3,4,20.6 ,7,3821,8260
114.5,1,11678,9698,248,6,一梯四梯梯,2002,3,4,32.5 ,3,3771,6236
134.7,1,11103,10209,505,9,一梯两户,2002,3,3,17.1 ,7,3489,4293
84.2,1,7981,9660,520,28,三梯十户,2002,2,1,7.3 ,9,3245,2260
110.2,1,11133,10369,253,11,一梯四梯梯,2002,3,4,15.1 ,7,3803,3980
86.9,1,9215,10392,230,6,一梯四梯梯,2002,3,4,15.5 ,7,3757,4129
121.5,1,12510,9925,698,30,两梯七户,2002,2,6,37.9 ,4,5715,8498
91.5,1,7053,14310,500,30,三梯一梯,2002,1,2,34.8 ,7,2215,7850
112.5,1,6302,15776,650,30,三梯一梯,2002,1,2,28.6 ,7,5505,5128
10.8,1,11891,6648,650,9,二梯六梯,2002,1,2,10.8 ,9,3173,4243
79.3,1,11785,6685,640,9,二梯六梯,2002,1,1,26.1 ,3,6300,4845
108.7,1,11231,15830,505,30,三梯一梯,2002,1,2,28.2 ,3,3903,6635
133,1,9069,12465,530,46,八梯十一户,2002,2,3,41.3 ,7,3445,10100
94.6,1,8310,11748,447,21,两梯八户,2002,2,3,21.0 ,3,3450,6100
75.5,1,7451,9813,585,38,三梯十六户,2002,1,1,24.7 ,7,4334,6837
93.7,1,10333,9642,320,6,一梯四梯梯,2002,3,3,17.2 ,7,3970,4342
165,1,11915,16352,1150,10,一梯两户,2002,1,1,41.7 ,3,5327,9682
84.2,1,8871,9630,520,28,三梯十户,2002,2,1,7.3 ,9,3245,2260
104.7,2,11513,9283,289.8,6,一梯三户,2002,3,1,23.5 ,7,4114,5717
107.7,1,7415,12605,420,15,二梯六梯,2002,1,2,35.8 ,3,3560,10880
97.9,1,7763,11136,500,19,二梯八梯,2002,1,4,27.4 ,3,3786,6650
77.8,2,8015,8570,256,9,一梯六梯,2002,1,3,23.4 ,3,4080,5335
86.4,1,6888,11420,500,28,两梯十四户,2002,2,2,25.8 ,4,4401,5820
113.8,1,14375,7480,355,7,一梯四户,2002,3,2,21.2 ,7,4570,4628
98.8,1,10960,12034,395,26,三梯八户,2002,1,3,25.0 ,5,6194,3541
95.5,2,9950,9941,268,6,一梯四户,2002,3,1,16.4 ,7,3900,4193
70.1,2,8155,10555,191,6,一梯四户,2002,3,2,14.5 ,3,3890,3732
83,2,9865,8378,230,6,一梯四户,2002,3,6,20.0 ,8,4010,5336
91.8,1,10008,9506,395,11,一梯四户,2002,3,2,16.7 ,3,4033,4162
98,2,8476,13421,365,6,一梯两户,2002,3,7,19.4 ,4,4144,4844
102.2,2,9907,10563,252,6,一梯四户,2002,3,2,29.7 ,7,3719,7184
97.1,2,9844,9584,265,5,一梯四户,2002,3,2,27.4 ,3,3843,7189
82.6,1,6916,10527,330,21,两梯十二户,2002,2,8,11.0 ,4,4253,2586
95.6,1,8824,10115,448,21,两梯十二户,2002,2,4,38.2 ,1,7105,5465
82.1,1,7860,13429,425,8,一梯四梯梯,2002,1,2,24.5 ,1,3732,6521
83,1,7500,12891,350,8,一梯四梯梯,2002,1,2,22.0 ,5,3681,5966
93.7,1,11864,7878,430,9,一梯四梯梯,2002,1,5,29.6 ,2,11864,4316
97,1,7791,13193,460,9,一梯三梯,2002,1,3,36.0 ,7,7891,9068
87,1,7863,10691,570,26,两梯八户,2002,1,1,11.5 ,3,2640,4355
129.9,1,13798,8412,1260,33,三梯梯六梯户,2002,1,1,41.6 ,3,6398,8412
100.7,2,12372,9218,300,7,一梯四户,2002,3,4,29.8 ,7,4450,7238
106.9,1,10759,9785,442,10,一梯四户,2002,3,1,12.2 ,7,3910,3122
105.3,2,9787,9145,365,6,一梯四户,2002,3,1,13.9 ,7,4108,3375
106.5,1,10449,9484,410,10,一梯四户,2002,3,1,12.0 ,7,3974,3031
108,1,10070,2722,395,11,一梯四户,2002,3,2,16.0 ,3,4033,3961
108,1,9594,8405,360,11,一梯四户,2002,3,1,13.7 ,7,3830,3567
98,2,8038,12277,365,6,一梯两户,2002,3,7,19.4 ,4,4144,4844
132.5,1,13595,9338,436,15,一梯三户,2002,3,3,36.7 ,5,4052,8043
110.1,1,10247,10563,375,10,一梯四户,2002,3,2,28.7 ,3,3843,7460
101,2,7560,12327,250,8,一梯两户,2002,3,3,41.3 ,3,7560,5300
127.8,2,11015,12305,350,8,一梯两户,2002,3,4,43.0 ,3,3234,1360
100.8,1,9586,10031,900,20,二梯六梯,2002,2,4,28.0 ,3,6309,7350
99,2,11161,10208,265,6,一梯四户,2002,3,4,15.1 ,7,3720,4068
109.7,1,9642,12035,835,9,一梯六户,2003,2,4,33.3 ,7,4437,7053
84,2,10460,9310,186,6,一梯四梯梯,2003,3,1,19.8 ,7,4440,4725
71,2,8337,11307,155,7,一梯三户,2003,1,2,16.0 ,1,3523,4548
107,1,10183,10870,350,11,一梯四梯梯,2003,3,1,29.6 ,3,4169,9522
76.3,1,6130,9570,190,9,一梯八户,2003,3,4,10.9 ,1,3160,3460
110.7,1,10230,10249,358,18,一梯三梯,2003,3,1,20.1 ,6,4489,4475
77.2,1,10679,7483,328,12,一梯六户,2003,1,3,25.6 ,3,4385,4764
72.7,1,8802,8299,320,12,一梯三户,2003,1,2,21.4 ,7,3407,5668
77.2,1,10805,8415,322,12,一梯六户,2003,1,4,26.8 ,3,4665,4791
74.4,2,7984,9725,303,9,一梯四户,2003,1,1,26.3 ,5,3670,8166
96.7,1,9272,105003,298,9,一梯四户,2003,3,1,17.3 ,7,3628,4514
129,1,12462,10814,430,9,一梯四户,2003,3,4,18.0 ,3,4483,4011
112,1,9330,10967,470,6,一梯六户,2003,1,2,31.6 ,7,3964,8180
101.8,1,9464,9928,355,19,二梯六梯,2003,3,2,18.9 ,3,3975,4755
107.4,1,9825,11045,345,11,一梯四户,2003,3,2,19.3 ,3,4150,4647
112.6,2,11258,12691,490,6,一梯两户,2003,1,8,39.1 ,2,5497,9907
121.4,2,9400,14643,233,7,一梯四户,2003,3,4,20.3 ,3,4144,5525
89.7,2,9524,10975,190,7,一梯四户,2003,3,3,28.9 ,7,3423,8445
77.2,1,8846,10086,322,12,一梯六梯,2003,1,3,26.8 ,1,4791,5693
91,1,10772,7725,350,25,三梯一梯二梯,2003,1,4,30.3 ,3,3047,6235
120,1,12278,12176,478,18,二梯7,2003,1,2,35.7 ,3,3680,8520
90.4,1,14843,8121,460,9,一梯七户,2003,1,3,37.9 ,1,4566,4874
85.5,1,8393,9342,595,15,两梯二十户,2003,2,4,18.8 ,6,3325,4376
88.2,2,8442,10298,245,6,一梯四户,2003,3,1,12.3 ,3,4098,3008
89,2,8845,9515,323,9,一梯七户,2003,2,1,24.6 ,1,6775,3755
141.4,1,15018,9186,750,30,三梯七户,2003,2,2,47.5 ,7,7261,9186
132.4,2,13052,9865,628,11,一梯二梯,2003,1,2,21.3 ,9,4616,4617
109.3,2,9028,11258,458,11,一梯三梯,2003,1,8,31.9 ,8,1797,11580
91.3,2,8735,10827,410,11,一梯四梯梯,2003,1,1,17.2 ,7,3557,4875
107.3,2,10548,10397,550,11,一梯二梯,2003,1,3,20.7 ,3,3974,7522
109.2,2,10854,10128,413,11,一梯三梯,2003,1,2,29.4 ,3,3814,8625
107.5,2,10687,10268,455,11,一梯四梯梯,2003,1,2,32.4 ,3,4035,8349
134,2,1498,9265,680,11,一梯二梯,2003,1,4,24.8 ,3,4985,5069
111.2,2,11269,9458,490,11,一梯三梯,2003,1,2,30.7 ,3,3708,9465
94.4,2,9798,11318,190,6,一梯四户,2003,3,2,24.1 ,3,9798,6576
94.4,2,9798,11318,190,6,一梯四户,2003,3,2,24.1 ,3,9798,6576
83.7,2,9736,11456,190,6,一梯四户,2003,3,2,26.7 ,3,3911,6841
77.7,1,10980,7255,450,9,三梯三户,2003,1,2,26.4 ,7,5785,5740
87.3,2,10544,9962,320,9,一梯七户,2003,2,2,28.8 ,7,8834,6203
90.2,1,8144,10650,520,20,三梯十五户,2003,2,2,32.9 ,7,4927,9252
85.8,1,10383,9269,560,9,一梯二梯,2003,1,2,20.8 ,3,10846,3924
87.9,1,10820,10561,798,9,一梯二梯,2003,1,4,29.3 ,3,10820,4237
95.4,1,10747,10105,800,9,三梯一梯,2003,1,3,31.7 ,5,10747,3566
99.6,1,11040,6625,205,9,一梯四户,2003,2,1,38.2 ,5,3675,8452
95.6,1,11711,7383,255,9,一梯四户,2003,2,3,33.2 ,3,3807,8495
101,1,9432,9879,275,18,两梯十户,2003,2,3,30.6 ,1,6984,5230
128.7,1,12603,11495,1040,28,二梯梯六梯户,2003,1,1,22.5 ,7,5132,5635
108.1,1,9588,12192,472,19,三梯八户,2003,3,2,16.0 ,7,3610,4439
141,1,16247,8855,627,19,两梯六户,2003,3,3,13.8 ,3,4163,3322
90.8,1,7266,8603,300,12,一梯四梯梯,2003,3,1,30.2 ,7,3620,7185
68.4,1,8154,6674,345,9,八梯八户,2003,2,2,20.9 ,7,3157,6674
109.9,1,10349,10980,475,9,一梯五户,2003,1,1,24.2 ,5,3565,6540
118.6,1,10560,12574,650,9,一梯五户,2003,1,1,39.0 ,3,8680,5213
128,1,9202,14656,1220,13,一梯三户,2003,1,3,37.7 ,7,4175,5470
93,2,10252,11150,203,6,一梯四户,2003,3,2,22.3 ,3,3452,6473
102,2,11522,10008,240,6,一梯四户,2003,3,2,30.1 ,3,4040,8639
104.6,2,11051,11003,235,6,一梯四户,2003,3,1,30.8 ,7,3594,9532
90.3,2,9512,11426,230,6,一梯四户,2003,3,2,23.7 ,3,3497,6729
103.4,1,9677,10674,300,17,两梯四户,2003,3,3,28.3 ,7,3800,7931
87,1,9785,12707,638,18,二梯六梯,2003,1,5,26.1 ,2,3707,5778
104.5,1,8304,11525,810,30,三梯十户,2004,2,7,20.3 ,2,5417,2800
93,1,8527,11977,350,17,二梯九梯,2004,1,1,14.6 ,1,3459,4369
117,1,14227,8151,1020,30,三梯八户,2004,1,2,0.0 ,9,0,0
128,1,10996,11675,1420,30,三梯八户,2004,1,1,0.0 ,9,0,0
91.3,1,12516,8254,630,28,三梯八户,2004,1,1,0.0 ,9,0,0
95.7,1,9926,11751,308,18,两梯七户,2004,1,1,13.7 ,3,4200,3262
81,1,7900,10400,203,6,一梯四户,2004,3,1,16.0 ,7,3700,4300
99.9,1,10912,9582,500,30,三梯八户,2004,2,2,27.6 ,7,6375,3733
120,1,10185,12662,1260,31,三梯七户,2004,2,3,32.1 ,3,3913,9392
117.2,1,11279,11349,770,31,三梯九梯,2004,1,3,27.7 ,9,7263,4545
116.3,1,10058,12898,1160,36,三梯七户,2004,1,1,29.9 ,5,3630,6447
102,2,8610,13435,245,6,一梯两户,2004,3,1,24.0 ,5,3905,6155
109.4,2,11660,11375,257,6,一梯四户,2004,3,2,19.9 ,3,3940,5047
92.9,1,8267,11871,550,22,三梯八户,2004,1,1,35.4 ,7,5478,7069
78,1,10660,7255,660,24,三梯十户,2004,2,8,21.8 ,4,4005,4500
127.8,1,9465,14585,890,27,两梯八户,2004,2,7,28.5 ,4,5970,4770
96.1,1,9877,9966,595,27,两梯八户,2004,2,8,33.6 ,3,5330,4977
96.1,1,11328,8745,419,10,一梯四梯梯,2004,3,4,14.4 ,1,4025,3440
143.9,1,11620,15025,620,17,一梯四梯梯,2004,3,8,24.6 ,8,6258,4084
121.3,1,11650,14050,372,11,一梯三梯,2004,3,2,15.5 ,3,3720,4050
86,1,8122,7989,75,13,一梯四户,2004,3,1,15.7 ,5,3051,3067
105.4,1,17055,8950,315,31,三梯八梯,2004,3,4,15.8 ,3,3730,4225
107.5,1,14698,8464,307,29,三梯八梯,2004,3,4,13.0 ,1,3662,3561
102.7,1,12193,8923,420,16,两梯八户,2004,1,3,31.0 ,3,6089,5860
122,1,9917,11984,188,6,两梯两户,2004,3,3,24.3 ,7,4810,5160
96.1,1,10117,9966,595,27,两梯八户,2004,2,8,33.6 ,6,5723,4977
104.5,1,11470,8113,810,30,三梯十户,2004,2,7,20.3 ,9,5417,4958
95.7,1,9926,12283,308,18,两梯七户,2004,1,2,27.4 ,3,4836,5657
94,1,7223,11187,350,12,两梯四户,2004,1,8,29.6 ,1,3488,7223
93.3,1,7170,10963,320,12,两梯四户,2004,1,1,22.7 ,5,3318,7170
94.3,2,8690,9896,320,7,一梯五户,2004,1,5,24.2 ,2,3412,7085
94.1,2,9374,10293,300,7,一梯四户,2004,1,1,30.5 ,3,3514,8613
88.5,2,9859,8913,295,7,一梯五户,2004,1,1,27.0 ,3,3416,6577
85.9,2,9429,8728,299,7,一梯五户,2004,1,2,28.3 ,7,3437,7127
100.5,1,11840,9466,485,17,两梯六户,2004,1,3,30.8 ,3,5798,5849
98.6,1,11892,9732,281,10,一梯四户,2004,3,3,17.4 ,3,3665,4755
103.8,1,11765,8603,296,10,一梯四户,2004,3,3,16.2 ,7,3779,4305
94.6,1,11796,110854,290,10,一梯四户,2004,3,1,13.4 ,7,3565,3759
95.6,1,11651,10721,302,10,一梯四户,2004,3,8,14.3 ,2,3577,3998
111.9,1,11862,14332,346,11,一梯三户,2004,3,8,14.9 ,1,3779,3963
103,1,11693,7973,738,25,三梯八户,2004,1,1,30.0 ,1,6480,5427
145.3,1,13364,15363,1850.9,32,两梯四户,2004,1,3,41.4 ,7,6290,5110
110.5,1,12906,6729,595,31,三梯九户,2004,2,1,12.6 ,5,3853,3282
119.6,1,10411,14608,388,23,两梯九户,2004,3,1,24.0 ,3,3848,6232
105.6,1,10344,9449,355,6,一梯四户,2004,3,3,21.0 ,3,3997,5203
65.1,2,8526,8080,235,10,一梯十户,2004,1,1,24.9 ,5,5723,6257
84,1,7719,12995,355,26,两梯八户,2004,1,3,19.0 ,5,5550,3195
102.7,1,12373,7514,420,16,两梯八户,2004,1,4,31.0 ,7,6149,5860
102.7,1,12375,7317,380,16,两梯八户,2004,1,4,29.2 ,7,6352,3428
83.5,1,8001,13154,375,26,两梯八户,2004,1,4,18.8 ,3,5474,3378
105.4,1,7040,16307,288,31,三梯八户,2004,3,2,11.9 ,2,3286,3625
98.5,2,10110,10984,278,6,一梯四户,2004,3,1,18.4 ,8,3993,4600
88.3,2,,10240,310,7,一梯四户,2004,3,5,31.9 ,2,6705,3855
100.9,2,11580,9734,300,7,一梯四户,2004,3,2,15.0 ,3,4046,3714
138.4,2,11222,9118,282,6,一梯四户,2004,3,1,16.9 ,7,4055,4180
91,2,8760,12412,245,6,一梯四户,2004,3,4,15.3 ,3,3858,3977
94.6,2,9092,11476,230,6,一梯四户,2004,3,2,19.3 ,3,3863,4990
108,2,11589,11401,280,6,一梯四户,2004,3,1,19.6 ,7,4143,4722
90,2,13987,105004,240,6,一梯四户,2004,3,1,17.5 ,7,4128,4243
114,2,12174,10621,286.8,7,一梯四户,2004,3,7,20.2 ,4,4227,4787
81,2,9534,10150,235,6,一梯四户,2004,3,2,14.8 ,3,3844,3850
112.2,1,12490,8540,1138,36,三梯七户,2004,2,3,0.0 ,9,0,0
81.9,1,8278,11897,325,16,两梯八户,2004,1,2,24.6 ,1,6206,5393
115.9,1,9602,14758,869,32,三梯八户,2004,2,2,24.8 ,3,6184,4119
117,1,8955,14185,748,32,三梯八户,2004,2,1,41.5 ,7,6250,4155
71.8,1,3080,8105,405,19,两梯七户,2004,2,2,24.0 ,7,3080,8105
73.9,1,8645,10445,425,19,两梯八户,2004,2,2,13.2 ,7,2710,4545
83.3,1,8855,9947,465,19,两梯八户,2004,2,2,26.2 ,7,2984,9354
142,1,13556,12136,446,11,一梯二梯,2004,3,3,20.3 ,7,3895,5210
118,1,13940,9896,370,16,二梯六梯,2004,3,7,16.1 ,2,3675,4379
86.5,1,10484,12440,520,18,一梯比三梯,2004,1,1,40.1 ,3,3982,8986
94.7,1,8886,10136,780,20,二梯梯7户,2004,1,2,13.8 ,3,3174,4327
141.7,1,10800,13500,430,11,一梯两户,2004,3,3,24.2 ,3,4170,5810
85.5,1,9093,10110,428,17,两梯八户,2004,1,1,26.1 ,5,3847,3091
94.5,1,10155,8579,470,9,一体七户,2004,1,2,29.3 ,7,6380,4942
104.4,1,9517,10613,300,11,一梯六户,2004,3,1,16.9 ,7,3611,4692
120.4,1,13705,10700,318,23,两梯十户,2004,3,2,35.6 ,3,4001,4843
109.6,2,11671,11972,235,6,一梯四户,2004,3,1,18.2 ,3,3552,5136
99.6,2,8912,11053,243,6,一梯三户,2004,3,3,30.9 ,3,4214,4749
81.5,2,11495,8284,190,7,一梯两户,2004,3,4,15.3 ,3,3620,4231
119.5,1,10990,8099,650,29,两梯六户,2005,2,4,29.4 ,5,4004,6763
81.3,2,9050,11580,266,6,一梯两户（没有说明只能从小区解读中得知,2005,3,3,18.1 ,3,4840,3830
118,1,17147,17888,330,9,未知未说明（小区介绍中说小区均为一梯两户）,2005,3,3,17.0 ,3,4277,4018
96.2,1,10600,8335,175,8,一梯四梯梯,2005,3,1,16.4 ,7,3429,4786
98,1,8115,16099,255,6,一梯二梯,2005,3,3,18.0 ,3,3360,5385
123.3,1,11451,11675,230,8,一梯四梯梯,2005,3,1,20.0 ,7,3219,3500
97.1,1,8165,11981,260,6,一梯二梯,2005,3,3,20.0 ,3,3147,5380
97.1,1,8835,8008,235,6,一梯二梯,2005,3,3,18.0 ,3,3561,5380
97,1,8694,13025,235,6,一梯二梯,2005,3,3,22.0 ,3,3650,5460
110.4,1,10578,12104,220,8,一梯四梯梯,2005,3,2,15.0 ,7,3515,4270
110.4,1,10047,11250,208,8,一梯四梯梯,2005,3,3,15.0 ,7,3860,3880
64.4,1,7060,7810,420,9,一梯三户,2005,1,4,19.9 ,7,2923,4812
127.3,1,9151,14391,1280,38,三梯八户,2005,1,3,30.9 ,7,4233,7890
77.1,1,10375,6905,330,11,一梯四户,2005,1,2,25.0 ,7,3825,5523
78,1,10620,6877,320,11,一梯四户,2005,1,1,25.2 ,3,3779,3829
79.1,1,11053,7102,312,11,一梯四户,2005,1,2,21.2 ,7,11053,7102
122.3,1,12365,9345,550,19,两梯十一户,2005,2,1,12.6 ,3,3535,3564
127.2,1,7674,12100,574,19,二梯十一户,2005,2,2,33.2 ,7,3894,7686
143.5,1,13524,15680,1070,22,三梯四户,2005,2,3,36.6 ,2,4491,5440
103.1,1,12300,10450,350,11,二梯7,2005,3,2,16.5 ,3,3640,4450
91.7,1,10838,8278,720,31,两梯六户,2005,2,2,14.4 ,7,3610,4001
79.2,1,5573,11490,290,15,两梯八户,2005,1,1,18.4 ,5,4214,2868
96.8,1,9292,11840,325,15,两梯八户,2005,1,4,27.0 ,1,5044,6149
108.4,1,8455,15176,340,26,二梯八梯,2005,3,2,19.5 ,3,3730,5222
120.4,1,14104,10894,350,20,二梯六梯,2005,3,4,19.0 ,7,4077,4659
114.6,1,18287,7557,400,26,二梯八梯,2005,3,3,19.1 ,3,4176,4567
109,1,9785,12346,353,19,二梯六梯,2005,3,2,16.8 ,3,3680,4036
107,1,8411,14766,350,35,三梯八梯,2005,3,2,20.2 ,3,3664,5438
95.5,2,8390,12141,190,7,一梯两户,2005,3,4,27.9 ,3,4242,5241
101,1,11420,9655,338,11,两梯七户,2005,3,2,16.4 ,3,3710,4450
102.9,1,9825,11410,350,11,两梯七户,2005,3,4,16.2 ,1,3725,4385
103.1,1,11595,10090,350,11,两梯七户,2005,3,2,16.6 ,3,3640,4560
71.6,1,9346,7334,338,24,二梯7,2005,1,1,12.3 ,9,2341,3813
94.6,2,8576,11609,348,10,一梯四户,2005,1,4,27.4 ,7,3700,7873
94.8,2,8660,11386,350,10,一梯四户,2005,1,3,35.4 ,7,4200,8298
93.2,1,9191,11112,495,22,两梯十五户,2005,2,1,27.2 ,7,4698,3678
88,1,9222,9042,358.3,32,两梯六户,2005,3,1,16.6 ,3,3345,4760
110.6,1,9680,12932,738,36,三梯八户,2005,1,4,34.6 ,7,3774,7704
146.1,1,9302,8626,1088,18,两梯十户,2005,1,6,24.5 ,3,4114,6259
78.4,1,8503,8726,388,26,三梯二十户,2005,1,3,24.3 ,3,5507,6607
92.3,1,9086,8436,380,26,三梯二十户,2005,1,4,27.1 ,3,4980,7799
95.7,1,15787,10475,409,9,一梯十户,2005,2,3,20.7 ,3,6258,3312
85.2,2,8211,11769,198,6,一梯两户,2005,3,3,33.6 ,3,8211,8241
85.2,2,8211,11769,198,6,一梯两户,2005,3,3,33.6 ,3,8211,8241
98,1,10300,11435,418,19,两梯十一户,2005,2,2,23.2 ,1,3767,5555
100.1,1,8610,12212,560,6,二梯四梯梯,2005,1,4,31.4 ,7,6745,7533
120.5,1,11212,10989,436,17,两梯三户,2005,1,3,21.7 ,3,4127,5257
111.9,1,14203,8588,390,17,两梯六户,2005,1,8,15.2 ,7,4069,3811
318,1,7974,10863,318,15,两梯六户,2005,1,3,16.4 ,1,3869,4086
105,1,11632,9664,315,11,一梯四户,2005,3,2,31.1 ,3,6905,7175
95,1,11863,8889,265,25,三梯十二户,2005,3,2,20.4 ,3,2775,7389
107.2,1,9872,11495,595,30,三梯八梯,2005,2,1,33.0 ,5,2390,3308
127.4,1,8011,1401,835,30,三梯八梯,2005,2,6,40.0 ,2,3330,4001
129.4,1,13052,8464,430,30,六梯梯二梯三梯户,2005,1,4,36.0 ,5,4425,8464
140.9,1,13638,8119,510,30,六梯梯二梯三梯户,2005,1,3,43.7 ,1,4802,8119
171.1,1,8729,22397,570,38,两梯两户,2005,3,2,26.6 ,7,4955,5378
174.5,1,8663,21938,700,32,一梯两户,2005,3,2,27.8 ,7,4834,5757
190.9,1,9347,23300,760,32,两梯两户,2005,3,2,35.5 ,7,4936,7395
88.5,1,8591,10143,339,32,两梯六户,2005,3,3,13.7 ,5,3019,4530
89.4,1,8992,10430,345,32,两梯六户,2005,3,1,12.2 ,7,3581,3413
117.5,1,14627,8462,420,18,两梯四户,2005,3,7,37.5 ,5,5740,4850
124.8,1,10009,14266,450,18,两梯四户,2005,3,2,36.2 ,3,5219,7095
91,2,9590,11635,230,6,一梯四户,2005,3,2,29.0 ,3,3547,6884
91.7,2,9555,11258,225,6,一梯四户,2005,3,2,23.6 ,3,3530,6680
91.9,2,9549,11571,235,6,一梯四户,2005,3,2,30.5 ,3,3673,8537
91.5,2,10128,11303,225,6,一梯四户,2005,3,2,22.4 ,3,3442,9862
121.2,1,9666,11204,905,28,三梯七户,2006,2,1,29.2 ,5,3687,9607
90.7,1,7693,11152,355,9,一梯八梯,2006,1,4,24.5 ,3,3989,6077
117,1,11772,10484,425,11,网页未说明（小区介绍中写一梯四户）,2006,3,4,20.0 ,5,3990,3512
122.8,2,10350,15500,350,6,一梯两户（小区介绍中说明的）,2006,3,3,28.2 ,3,4800,7050
104,2,10736,7724,315,7,一梯四户,2006,3,8,14.8 ,7,3863,3831
96,2,9330,9920,228,6,一梯八户,2006,3,1,13.5 ,3,3359,3972
96.1,2,9405,9745,238,7,一梯四户,2006,3,4,14.0 ,5,3178,4080
103,2,11329,8260,290,7,一梯四户,2006,3,3,15.3 ,7,3934,3877
114.8,1,12459,9556,760,30,两梯八户,2006,2,4,36.6 ,5,4075,4299
117.5,1,10063,13230,1200,30,三梯七户,2006,2,5,36.4 ,8,3466,10797
122,1,11855,9425,1500,33,三梯七户,2006,1,4,33.9 ,3,3680,7120
82.7,1,8319,10373,380,18,两梯六户,2006,1,4,26.2 ,7,3922,8019
126.1,1,10115,12450,380,17,二梯三梯,2006,3,2,28.9 ,5,5682,6508
109.5,1,8490,7800,535,18,两梯十一户,2006,2,1,11.1 ,1,3196,3471
83.7,1,7650,8515,562,28,三梯八户,2006,2,1,24.2 ,1,3720,5295
118.9,1,9373,14059,630,21,两梯七户,2006,1,1,32.7 ,3,6206,4306
109.7,1,10017,9256,818,2006,三梯六户,2006,1,4,24.9 ,7,5950,3725
114.2,1,9297,11340,469,17,两梯二十一户,2006,2,1,12.0 ,3,3416,3520
122,1,11.86,9430,1500,33,三梯七户,2006,2,3,0.0 ,9,0,0
118.3,1,10920,9553,680,24,两梯六户,2006,1,4,15.4 ,3,3663,4196
102,1,11845,6876,860,22,三梯九户,2006,2,3,8.4 ,3,3804,2209
37.1,1,6044,7057,108,9,一梯四户,2006,2,4,14.8 ,7,4171,4494
98.5,1,9908,9396,600,15,二梯比7,2006,1,1,29.4 ,3,5977,7681
85,1,10786,7588,460,11,一比三,2006,1,4,24.3 ,3,7331,6171
98.5,1,8172,9134,600,15,二梯比7,2006,1,1,18.2 ,3,3630,4937
98.5,1,10642,9516,600,15,两梯七户,2006,1,1,29.4 ,3,3830,7681
85,1,11424,7700,460,11,两梯六户,2006,1,4,24.3 ,3,3600,6283
98.5,1,10081,9134,600,15,两梯七户,2006,1,1,18.2 ,5,3630,4937
142.3,1,13574,10584,573,12,两梯三户,2006,3,4,46.5 ,3,4265,9100
114,1,11488,10300,680,25,二梯六梯,2006,1,4,28.1 ,3,4034,6595
99.3,1,11271,9826,620,32,三梯八户,2007,2,4,15.3 ,5,3407,3935
107.2,1,10927,11783,575,32,三梯八户,2007,2,1,26.0 ,1,3702,5375
87.3,1,2816,16324,430,9,一梯四户,2007,2,8,28.5 ,4,3255,11835
108,1,14473,7009,450,32,三梯八户,2007,2,2,27.6 ,8,7609,6250
116.5,1,11440,10275,490,11,一梯四户,2007,3,2,13.0 ,7,3744,3765
122,2,9096,13523,375,6,一梯两户（小区介绍中说明的）,2007,3,7,23.8 ,2,3777,6515
111,1,11214,9485,266,17,二梯八梯,2007,3,1,19.6 ,3,3365,5166
110,1,9851,12312,1230,29,两梯四户,2007,2,1,33.4 ,1,3273,9604
111,1,11519,9425,266,17,一梯四梯梯,2007,3,8,19.3 ,2,3730,5166
80.3,1,8803,7057,337,19,四梯二十一户,2007,1,4,31.6 ,9,3669,7070
116,1,11267,10311,508,17,两梯六户,2007,1,2,33.2 ,5,7934,5149
139.3,1,9287,15151,789,8,一梯两户,2007,1,4,37.6 ,7,3883,10615
133.9,1,14054,12785,490,8,一梯四户,2007,3,1,34.2 ,3,4271,4659
117,1,12213,12611,429,8,一梯四户,2007,3,1,19.6 ,3,4285,4578
108,1,10608,12306,305,11,俩梯四户,2007,3,5,19.0 ,2,3925,4822
116,1,11015,11635,498,8,一梯四户,2007,3,4,19.4 ,7,4040,4814
110,1,10410,10756,462,7,一梯四户,2007,3,1,15.0 ,7,3960,3748
98,1,9595,11671,620,16,两梯六户,2007,1,1,35.4 ,3,7076,4612
196.7,1,22806,14250,210.6,45,两梯两户,2007,1,8,24.4 ,4,4780,4869
138.3,1,7747,15335,1200,32,两梯三户,2007,1,2,35.6 ,2,4285,7260
162.4,1,13760,14533,495,28,两梯八户,2007,2,3,31.2 ,7,4710,6622
115.9,1,10194,9058,430,28,两梯四户,2007,3,1,19.0 ,3,3843,5125
121.8,1,8162,10268,442,28,两梯五户,2007,3,2,27.4 ,7,3910,6737
143.3,1,11767,11890,490,28,两梯四户,2007,3,4,27.3 ,7,3428,6381
121.7,1,11274,9763,390,28,两梯九户,2007,3,3,23.5 ,7,5505,4268
130.6,1,8304,15070,380,25,两梯四户,2007,3,1,18.0 ,4,3648,4920
114.9,1,10269,8803,408,28,两梯四户,2007,3,1,22.9 ,3,2731,5870
137.8,1,11003,12033,910,18,两梯四户,2007,1,2,33.7 ,3,4102,7876
136,1,8958,15202,890,18,两梯四户,2007,1,7,40.3 ,3,4224,8297
108,1,10866,13674,450,15,二梯五梯,2007,1,4,35.8 ,1,10866,5144
115.1,1,14821,24597,308,9,一梯四户,2007,3,1,39.0 ,3,4332,6655
125.4,1,14195,9221,460,9,两梯四户,2007,2,2,36.5 ,1,3775,9221
123,1,3377,15250,350,28,两梯九户,2007,3,1,42.4 ,7,3377,12547
97.5,2,7665,9695,360,5,一梯两户,2007,3,3,28.6 ,3,3900,6267
139,1,13800,12155,550,11,一梯三户,2007,3,4,34.7 ,1,4075,8210
88.8,1,8946,8849,330,25,二梯六梯,2007,2,1,23.4 ,7,3139,8849
119.2,1,8748,11291,540,29,六梯二十五户,2007,1,2,34.6 ,5,3658,8111
121,1,11291,7595,570,18,二梯四梯梯,2008,1,2,21.9 ,3,5093,4277
83.2,1,7910,10903,435,9,一梯四梯梯,2008,1,2,19.6 ,3,4005,4899
114.3,1,9625,14678,480,16,二梯八梯,2008,1,8,20.0 ,2,3912,5120
76.6,1,8007,11200,382,8,一梯四梯梯,2008,1,2,17.3 ,7,3572,4942
89,2,8505,11320,168,6,一梯二梯,2008,3,7,22.5 ,4,3375,5745
89.5,2,8505,11400,178,6,一梯二梯,2008,3,6,16.2 ,2,4070,4795
114.8,1,8330,1232,900,29,两梯八户,2008,1,2,32.2 ,3,2675,5515
162.6,1,11737,13855,1540,30,三梯五户,2008,2,8,44.6 ,3,5003,8914
110.6,1,13694,8480,1440,32,三梯八户,2008,1,4,32.2 ,7,4260,6971
90.3,1,9314,6969,468,18,两梯六户,2008,2,2,10.0 ,7,3061,3175
99.7,1,10424,7230,465,18,两梯六户,2008,2,1,15.7 ,3,3097,4000
,1,11632,12240,880,8,两梯八户,2008,2,2,22.0 ,3,3400,6472
87,1,10205,10220,185,17,二梯四梯梯,2008,3,1,14.3 ,5,3625,4214
109.5,1,14120,9587,770,32,三梯十户,2008,2,2,15.5 ,1,4071,3813
109.5,1,8490,7800,770,32,三梯十户,2008,2,1,11.1 ,1,3196,3471
132.2,1,13668,10472,650,18,两梯三户,2008,1,1,25.4 ,3,3816,8540
114.9,1,12840,8030,650,28,两梯八户,2008,2,2,16.5 ,7,4280,3860
84.2,1,9450,7726,570,30,五梯二十三户,2008,2,7,25.0 ,9,6411,5068
118,1,12082,11844,880,8,两梯八户,2008,2,1,40.2 ,9,7408,6472
98.1,1,11585,7840,253,11,一梯四户,2008,3,3,14.6 ,1,3640,4005
102,1,11873,7700,250,11,一梯四户,2008,3,4,23.7 ,3,3827,5932
100,1,11547,8543,249,11,一梯四户,2008,3,3,23.9 ,3,4114,6112
100,1,11453,6887,249,11,一梯四户,2008,3,3,28.8 ,3,4085,6192
107.4,1,12737,12424,480,11,两梯四户,2008,3,8,19.0 ,2,3751,4478
124.5,1,12114,10962,245,17,两梯四户,2008,3,1,15.1 ,3,3878,5217
111.9,1,10498,10357,550,28,两梯四户,2008,1,1,111.9 ,3,3514,7037
103.1,1,10176,10917,650,27,三梯六户,2008,1,2,29.9 ,7,3728,8903
103,1,9400,9860,1000,30,两梯三户,2008,1,4,35.4 ,5,4050,8855
115,1,12480,8027,650,28,两梯八户,2008,2,2,32.5 ,7,4277,3269
75.7,1,8403,9003,450,25,三梯八户,2008,2,2,17.4 ,6,5024,3463
124.5,1,11618,10986,538,38,二梯四梯梯,2008,3,8,20.9 ,2,4728,4417
97.3,1,13689,13393,370,17,两梯九户,2008,1,6,13.3 ,6,2504,4940
112.2,1,9799,11733,468,17,两梯八户,2008,1,3,13.0 ,1,4347,3023
85,1,7665,8675,183,8,一梯两户,2008,3,3,21.7 ,5,5580,3669
134.6,1,12948,8476,1145,29,两梯五户,2008,2,1,12.9 ,7,4125,3137
94.7,1,10330,7955,630,30,五梯二十三户,2008,2,1,28.2 ,7,7850,5035
84.2,1,9450,7726,580,30,五梯二十三户,2008,2,4,7.3 ,5,2420,3019
97.2,1,11551,7791,680,30,五梯二十三户,2008,2,1,14.7 ,7,4849,3024
114.2,1,14237,7474,457,14,两梯六户,2008,2,4,32.5 ,5,3821,6559
101.5,1,7479,13710,368,14,两梯六户,2008,2,1,29.9 ,3,3326,9706
95,1,10442,10636,550,14,一比三,2008,1,4,25.9 ,3,4285,7765
89.8,1,9473,10612,550,31,两梯六户,2008,1,2,24.8 ,7,3609,6516
119.7,1,11900,11197,720,27,三梯六户,2008,1,1,31.6 ,1,7461,4266
112,1,10312,10793,530,28,两题四户,2008,1,1,26.0 ,1,3431,6964
97.5,1,11344,10829,309,9,一梯三户,2008,2,4,25.9 ,3,3690,7121
135.1,1,12226,12626,270,18,二梯四梯梯,2008,2,4,28.2 ,7,5254,3914
99.5,1,9860,11342,10500,30,三梯五户,2008,1,2,34.5 ,7,4065,9660
113.1,1,11654,14623,305,25,一梯四户,2008,3,7,17.1 ,2,3564,4785
109.2,1,5710,13837,290,55,七梯二十七户,2009,2,3,40.2 ,1,8503,5710
103,1,9484,13115,399,19,两梯二十二户,2009,1,3,16.8 ,1,3538,4761
46.6,1,6302,7545,230,16,两梯八户,2009,1,1,14.4 ,3,2973,3206
58.6,1,5903,8863,278,16,两梯八户,2009,1,2,17.2 ,7,3277,5253
113,1,13679,10710,245,16,一梯四户,2009,3,3,24.9 ,7,4080,6103
165,1,12062,10299,1000,41,四梯十二户,2009,2,1,29.5 ,3,4922,5983
118,1,12045,8529,300,14,两梯四户,2009,3,1,18.2 ,3,3862,4704
111.6,1,9630,10846,120,23,两梯四户,2009,1,3,27.0 ,3,3755,3590
122.3,1,9840,11560,625,19,两梯六户,2009,2,1,41.1 ,3,7000,9655
107.1,1,12566,10897,448,19,两梯六户,2009,2,4,32.1 ,5,4288,8305
112.2,2,10583,10982,450,11,一梯四梯梯”,2009,1,2,33.7 ,7,3802,7583
112.1,2,11858,9544,410,11,一梯四梯梯,2009,1,2,29.7 ,7,3650,6958
106.1,1,11161,10077,265,23,两梯十户,2009,3,1,26.4 ,3,3078,8278
96.9,1,8621,10260,290,26,两梯六户,2009,3,1,30.0 ,3,3395,8088
114.6,1,9671,10526,296,25,两梯七户,2009,3,1,31.9 ,3,3039,7690
77.5,2,13760,6070,258,9,一梯三户,2009,2,1,25.7 ,3,8705,3155
94.9,1,11890,8212,325,28,二梯六梯,2009,3,3,12.4 ,3,3010,4131
112.7,1,7607,11370,388,18,二梯四梯梯,2009,3,2,14.9 ,3,3257,4588
126.4,1,12819,11833,449,31,二梯四梯梯,2009,3,3,19.4 ,3,3386,5738
90,1,8662,8950,309,25,二梯7,2009,3,1,11.0 ,7,2787,3937
91.9,1,9116,10377,610,18,两梯六户,2009,1,1,13.7 ,3,3328,4104
657,1,9425,10654,657,18,两梯六户,2009,1,1,11.1 ,3,3540,3123
91.9,1,8985,10654,657,18,一梯比三梯,2009,1,1,29.4 ,3,3540,8745
91.9,1,9116,10191,610,18,两梯六户,2009,1,1,27.9 ,3,3238,8501
101,1,11382,11014,560,22,三梯四户,2009,3,4,20.3 ,7,3826,5493
140.3,1,12010,13668,384,26,两梯三户,2009,3,8,23.4 ,8,3565,5954
101.8,1,9619,11201,236,11,一梯两户·,2010,3,4,13.4 ,3,3547,3616
91.8,1,8457,9952,248,22,两梯四户,2010,3,2,14.4 ,9,3197,3051
141.3,1,8395,17300,1350,4,一梯一户,2010,2,1,36.3 ,5,3970,9145
106.6,1,9931,9658,765,31,三梯九户,2010,2,2,23.6 ,7,3204,5010
102,1,13879,10526,395,11,一梯四户,2010,3,1,31.4 ,3,3464,6258
99.4,1,14529,9045,430,23,两梯八户,2010,3,3,27.9 ,3,3505,4790
107.2,1,10382,9390,433,29,两梯六户,2010,3,1,30.8 ,3,3661,5018
99.9,1,16606,6313,389,23,两梯八户,2010,3,2,29.2 ,4,3655,6118
104.9,1,11173,11161,427,30,两梯六户,2010,3,4,27.8 ,5,3542,5618
111.3,1,10716,11963,425,10,一梯五户,2010,3,1,31.5 ,3,3835,8070
102.2,1,10786,11140,408,17,两梯四户,2010,3,1,32.2 ,3,3445,6580
99.9,1,21479,8552,385,23,两梯八户,2010,3,1,29.3 ,5,3636,5704
103.5,1,11490,11115,420,11,一梯三户,2010,3,4,32.4 ,3,3580,7081
107,1,9950,11550,450,29,两梯六户,2010,3,1,29.7 ,3,3443,8626
103.1,1,11092,10708,390,17,两梯四户,2010,3,1,31.8 ,3,3769,6524
98.7,1,10130,10360,370,9,一梯四户,2010,3,1,29.1 ,3,3640,6281
89,1,9995,17150,430,23,二梯四梯梯,2010,3,7,35.5 ,4,7095,5927
91.7,1,9323,9565,450,18,二梯四梯梯,2010,3,8,14.2 ,2,2958,3960
180,1,17350,10200,798,23,二梯四梯梯,2010,3,2,34.6 ,3,7228,5620
100,1,10234,11197,218,9,一梯四户,2010,3,2,15.4 ,3,3615,4272
102.7,1,9654,10881,250,9,一梯四户,2010,3,2,27.3 ,7,3344,7901
146.8,1,10025,15036,315,9,一梯两户,2010,3,4,44.0 ,3,3974,11159
97.1,1,10275,13912,375,18,两梯六户,2010,3,6,14.7 ,4,3715,3955
78.2,1,7370,9750,240,18,两梯四户,2010,3,1,13.3 ,7,3601,3267
83.6,1,7480,10394,250,18,一梯四户,2010,3,1,12.4 ,7,3386,2877
103,1,9740,10950,216,9,一梯两户,2010,3,4,12.3 ,3,3560,3453
120,1,11908,14274,325,17,一梯四户,2010,3,6,23.0 ,6,4010,6270
91.7,1,9649,9418,350,18,两梯四户,2010,3,2,12.6 ,3,3268,3855
108.6,1,13710,10780,450,11,一梯四户,2010,3,2,14.4 ,7,3433,4187
107,1,10850,15340,450,6,一梯四户,2010,3,1,13.8 ,3,3665,3765
243.3,1,18503,11780,2430,41,四梯梯梯四梯梯户,2010,1,1,63.3 ,3,7912,7342
136.8,1,10080,13170,420,11,一梯两户,2010,3,3,19.9 ,3,4330,4590
140.2,1,10940,14300,308,6,一梯两户,2010,3,4,22.8 ,3,3820,5960
90.1,1,7609,12220,350,28,三梯六户,2010,3,6,14.5 ,4,3733,3891
133,1,11700,9722,550,28,三梯六户,2010,3,1,17.0 ,7,4059,4489
82.5,1,7292,8480,272,26,三梯六户,2010,1,1,21.6 ,1,8180,3405
81.9,1,9011,11059,470,11,两梯三户,2010,1,1,26.8 ,1,3505,6556
96,1,10751,10315,570,16,两梯四户,2010,1,3,27.5 ,7,3844,7242
141.3,1,8295,17300,1330,4,一梯一户,2010,1,1,47.1 ,5,6485,11787
83,1,6700,10343,750,29,两梯六户,2010,1,4,21.9 ,7,3491,6943
105.6,1,11335,8280,939,35,二梯五户,2011,2,6,27.9 ,4,3580,6951
100.8,1,10560,10378,330,21,二梯六梯,2011,3,2,26.9 ,8,3366,8419
121.2,1,14803,9256,400,18,二梯四梯梯,2011,3,5,27.5 ,2,3993,9104
95,1,11235,9677,298,18,二梯四梯梯,2011,3,3,25.0 ,5,8481,4986
90,1,9749,8782,330,18,二梯四梯梯,2011,3,6,21.7 ,8,4348,6447
178.5,1,14137,137806,1427,30,三梯三户,2011,1,1,44.9 ,3,7312,4586
92.4,1,8795,9240,300,22,六梯一梯五梯,2011,3,8,14.3 ,2,3730,3845
143.6,1,10681,10541,1000,40,六梯十四户,2011,2,4,40.8 ,5,5860,6992
85,1,8555,10290,340,18,两梯六户,2011,2,3,29.0 ,3,5085,7135
127,1,13110,10513,290,25,两梯四户,2011,3,1,23.9 ,7,4245,5689
170.3,1,15854,12263,1300,30,三梯四户,2011,1,2,46.1 ,7,5412,12263
178.5,1,14137,13786,1427,30,三梯三户,2011,1,4,44.9 ,3,4586,9481
95,1,17907,9515,559,40,六梯十四户,2011,2,4,29.3 ,9,3013,9515
118.5,1,11470,10549,665,42,五梯,2011,2,4,33.7 ,7,4045,6659
136.5,1,10674,11181,740,19,两梯十户,2011,2,3,35.2 ,3,3934,8143
96.9,1,9874,9587,565,30,两梯四户,2011,2,1,30.9 ,7,3275,7709
172,1,13117,17136,1250,31,两梯两户,2011,2,3,50.3 ,2,5519,4063
131.9,1,11810,12260,680,30,两梯四户,2011,2,2,36.9 ,3,3100,7680
95,1,9884,95150,599,40,六梯十四户,2011,2,4,17.6 ,5,3013,9515
109.8,1,11592,11033,320,11,一梯四梯梯,2011,3,6,19.4 ,8,3774,5136
142.6,1,12592,7722,665,39,四梯二十七户,2011,1,2,20.0 ,5,3708,5405
130,1,,8352,136,23,两梯三户,2011,3,1,29.1 ,7,4931,6693
110,1,11635,10266,318,18,两梯九户,2011,3,4,29.1 ,1,2895,8599
82.9,1,8495,11065,275,6,一梯三户,2011,3,1,19.9 ,7,2470,6907
63.9,1,7066,12054,258,24,两梯四户,2011,3,1,26.8 ,7,3326,9808
95,1,9884,9515,559,40,六梯十四户,2011,2,4,29.2 ,5,3013,9515
102.7,1,10160,14579,579,40,六梯十四户,2011,2,3,29.4 ,1,3051,9536
110.8,1,9960,6942,395,11,一梯四梯梯,2011,3,2,29.6 ,3,4300,6942
134,1,10880,8960,530,24,二梯三梯,2011,3,2,33.3 ,3,4265,6827
145.9,1,12097,10297,437,11,一梯六梯,2011,3,1,51.9 ,7,4873,10297
146.1,1,12779,11276,420,11,一梯六梯,2011,3,8,60.4 ,2,3564,10591
104,1,9490,8495,400,12,一梯四梯梯,2011,3,2,30.3 ,3,3836,8495
85.9,1,8659,7258,253,6,一梯三梯,2011,3,2,24.1 ,3,3730,7258
114.4,1,10201,8126,370,6,一梯二梯,2011,3,6,33.6 ,8,4126,8126
98,1,9203,10569,300,18,二梯五梯,2011,2,2,28.9 ,3,3675,8563
86.3,1,9355,10242,370,17,两梯五户,2011,3,1,14.9 ,3,3560,4175
92.5,1,9308,10119,330,17,两梯五户,2011,3,3,17.8 ,7,3847,4628
96,1,18582,8368,260,17,未说明,2012,3,2,19.5 ,1,3308,2962
94.3,1,8248,10394,475,42,一梯二梯,2012,3,1,28.8 ,7,3492,4280
97.4,1,6310,10717,535,32,一梯三梯,2012,3,2,16.5 ,3,3810,4322
95.1,1,10027,8180,480,32,一梯三梯,2012,3,2,10.5 ,5,2669,3941
93.4,1,8400,11518,600,33,二梯六梯,2012,3,1,21.3 ,7,5371,3971
93.9,1,10485,10355,450,35,二梯六梯,2012,3,1,27.3 ,5,3780,7222
139.1,1,12855,11095,1700,38,三梯六户,2012,1,2,38.8 ,7,4097,7168
125.5,2,12381,11889,1500,38,三梯六户,2012,1,2,38.9 ,7,3955,7197
84,1,8426,11057,800,31,二梯五梯,2012,1,2,26.4 ,7,3416,8187
98,1,11691,7734,445,18,二梯二梯,2012,1,3,32.4 ,9,7961,3742
84,1,8378,11985,795,31,二梯五梯,2012,1,2,26.2 ,3,3566,8102
103.3,1,10694,10753,358,19,两梯九户,2012,2,2,26.9 ,1,3959,6153
147,1,20247,8375,515,19,两梯八户,2012,2,1,38.6 ,3,6430,5297
118.5,1,10175,12393,530,32,两梯四户,2012,3,2,35.5 ,7,3645,9086
119.6,1,8028,8406,200,15,未知,2012,3,1,15.0 ,1,2865,3137
104,1,8640,11125,320,5,一梯二梯,2012,3,3,18.9 ,7,3475,5444
131,1,10022,13247,387,33,三梯六梯,2012,3,3,16.8 ,7,3773,4446
235,1,11287,10254,235,18,两梯四户,2012,3,2,21.7 ,3,3374,5698
250,1,10276,13041,250,18,两梯八户,2012,3,1,24.8 ,3,3550,8736
106.3,1,8826,12809,219,19,两梯四户,2012,3,1,27.0 ,3,3453,9296
100,1,10012,12590,238,18,两梯六户,2012,3,1,25.1 ,3,3445,6560
102,1,10885,9223,348,18,两梯七户,2012,3,2,15.3 ,3,3369,4510
95.1,1,10419,8246,460,32,两梯六户,2012,3,3,14.9 ,3,3717,4017
91,1,9580,9505,285,18,两梯七户,2012,3,3,16.5 ,5,3480,3735
92.5,1,9006,11846,500,15,二梯六梯,2012,1,1,33.2 ,7,3626,10089
234,1,24440,13246,3980,21,三梯两户,2012,1,6,61.9 ,2,6000,10600
108.9,1,14865,8935,853,31,三梯八户,2012,1,1,34.3 ,1,4032,6323
159.1,1,13220,11620,880,48,三梯五户,2012,1,3,39.4 ,1,4385,8985
198.2,1,13220,14045,3549,21,三梯三户,2012,1,4,51.8 ,3,5060,9695
70.8,1,8816,8016,373,17,二梯六梯,2012,1,2,23.3 ,7,4325,3666
114.5,1,8587,12723,575,18,两梯两户,2012,2,3,13.3 ,3,3779,3526
141.1,1,11700,13424,625,18,两梯两户,2012,2,4,18.7 ,3,3875,4835
129,1,12890,10685,331,26,两梯八户,2012,3,2,38.0 ,7,3530,6811
94.9,1,11940,7515,293,28,两梯六户,2012,3,4,29.0 ,3,3030,6380
98,1,7734,7961,429,18,两梯两户,2012,2,3,32.4 ,3,3742,7961
110.5,1,8591,12173,372,11,两梯两户,2012,2,4,30.4 ,3,4712,6530
129,1,12890,10685,328,26,二梯八梯,2012,3,1,14.7 ,7,3530,4811
111.8,1,11530,9790,377,25,二梯八梯,2012,3,3,15.2 ,7,3245,4690
85.6,1,9900,7695,530,35,三梯六梯,2012,3,4,29.3 ,3,4450,6590
101.8,1,11219,10113,480,9,一梯六梯,2012,1,2,28.3 ,3,8000,3966
106.5,1,13880,7665,680,29,三梯八户,2012,1,3,12.6 ,7,4180,3005
165,1,11531,16293,599,13,一梯四户,2012,3,1,47.5 ,7,4703,11740
98.4,1,9599,7397,215,9,一梯三户,2012,2,3,19.5 ,7,3959,4882
92.5,1,8706,11846,500,15,一梯比三梯,2012,1,2,33.2 ,7,5431,10089
105.1,1,10560,12574,638,7,五梯,2012,1,4,39.0 ,3,8680,5213
198.2,1,13220,17180,3549,21,三梯梯三梯户,2012,1,3,51.8 ,3,5060,8015
135,1,13703,10882,628,31,三梯三户,2012,3,2,31.7 ,4,6941,4956
104,2,8941,11550,320,5,一梯两户,2012,3,4,19.7 ,7,3522,5560
95.5,1,10007,8325,315,26,二梯六梯,2012,2,7,21.5 ,4,2816,6602
102,1,14658,8130,477,32,三梯八梯,2012,2,3,27.8 ,3,5035,8130
105.6,1,11287,11580,450,20,二梯六梯,2012,2,4,27.6 ,1,3755,7354
94,1,9881,8798,400,17,二梯四梯梯,2012,2,3,24.9 ,5,2878,6826
89,1,11118,8783,390,16,两梯四户,2012,3,2,17.1 ,5,3652,4684
90.3,1,9248,7295,500,37,四梯十八户,2013,1,3,26.6 ,9,7311,3413
157.6,1,11555,10710,860,30,四梯梯一梯,2013,1,2,21.8 ,3,4365,5000
75.1,2,7900,12300,127,12,无说明（不清楚，网页没有说明，小区介绍中说小区均是是一梯两户）,2013,3,1,16.8 ,3,3500,4260
116,1,14065,10002,538,11,两梯三户,2013,3,7,20.0 ,4,3975,5055
94,1,9699,10815,375,19,两梯八户,2013,1,5,27.0 ,2,4978,4574
152.7,1,11165,9065,780,30,四梯十户,2013,1,1,37.2 ,3,4275,9065
87.7,1,11687,7790,268,11,一梯四梯梯,2013,3,1,19.1 ,3,4590,3850
136.8,1,13021,11064,450,17,二梯四梯梯,2013,3,3,26.4 ,7,4023,6558
98.3,1,9056,10860,635,32,两梯五户,2013,2,4,25.7 ,5,3390,7645
113.2,1,9620,11769,1200,35,两梯六户,2013,2,4,31.2 ,5,4207,7416
140.7,1,20868,13852,132,17,两梯四户,2013,3,2,21.1 ,3,3896,5310
90,1,9084,7677,500,37,四梯十八户,2013,1,3,24.8 ,9,3313,6882
92.2,1,12019,9118,700,38,两梯八户,2013,2,2,21.7 ,5,3356,3030
99.2,1,6978,14646,328,21,两梯八户,2013,3,7,17.3 ,4,2844,4253
83,1,11784,7815,315,22,两梯八户,2013,3,1,18.9 ,5,3477,4540
67.2,1,6588,8721,380,38,两梯十六户,2013,2,4,27.4 ,5,4066,6654
146,1,16054,9056,1250,38,两梯八户,2013,2,3,26.7 ,3,4323,7682
100,1,12000,11440,380,30,三梯六梯,2013,3,5,16.9 ,2,3490,4838
105,1,13632,15863,405,33,三梯三梯,2013,3,5,17.8 ,4,3595,4950
100.5,1,11860,11747,380,30,三梯六梯,2013,3,4,16.7 ,3,3575,4684
113.6,1,11956,9838,395,9,一梯四梯梯,2013,3,8,19.9 ,2,3791,5211
90.4,1,11324,9093,157.8,17,二梯四梯梯,2013,3,4,15.6 ,3,3037,4348
99.6,1,7475,13675,300,6,一梯两户,2013,3,4,18.7 ,3,3860,4835
99.3,1,11225,8957,300,18,两梯四户,2013,3,4,14.9 ,7,3297,2656
101.7,1,9362,13385,340,18,两梯四户,2013,3,1,24.8 ,7,3120,6630
101.5,1,12448,9422,325,18,两梯四户,2013,3,4,32.7 ,3,6032,4188
141.1,1,12155,12736,400,17,两梯四户,2013,3,2,35.7 ,3,4070,8812
300,1,11054,12606,300,17,两梯四户,2013,3,2,28.4 ,7,2958,7817
220,1,10027,11665,220,18,两梯六户,2013,3,2,26.4 ,7,3493,8202
82,1,9170,7766,109,25,两梯十一户,2013,3,2,19.9 ,7,3311,5640
92.2,1,12019,9118,700,38,两梯八户,2013,2,2,21.7 ,5,3356,5947
146,1,16162,9581,1250,38,两梯八户,2013,2,3,22.9 ,3,4323,5306
132.7,2,15920,10835,850,32,两梯五户,2013,2,5,32.3 ,2,8080,3802
98.3,1,9056,10490,635,32,两梯五户,2013,2,1,25.8 ,9,6520,2770
104.4,1,12065,12649,398,25,三梯六户,2013,3,2,17.8 ,7,3663,4799
104,1,10780,12510,406,29,三梯六户,2013,3,1,13.7 ,3,3740,5055
93,1,10919,12071,375,25,三梯六户,2013,3,2,12.6 ,3,3742,3370
104.3,1,11581,12356,430,30,三梯六户,2013,3,2,16.4 ,3,3672,4455
110,2,12995,10820,450,30,三梯六户,2013,3,3,17.0 ,3,3478,4645
110.2,1,12820,10382,420,30,三梯六户,2013,3,4,15.8 ,3,3577,4411
98.8,1,11116,10286,235,17,两梯四户,2013,3,1,26.0 ,3,3612,7363
410,1,11900,13101,410,17,两梯四户,2013,3,2,26.4 ,3,4280,6713
104,1,10900,12910,406,29,三梯六户,2013,3,2,17.8 ,3,3740,4757
152.7,1,10840,10450,780,30,四梯十户,2013,1,1,37.2 ,3,4275,10450
114.9,1,10107,16504,730,10,一梯四梯梯,2013,1,3,34.2 ,7,3908,7979
157.6,1,11555,13175,860,30,四梯十户,2013,1,4,39.7 ,3,4365,9280
99.3,1,6673,11054,350,22,两梯八户,2013,3,1,18.1 ,3,4268,4292
101,1,6554,10545,350,19,两梯八户,2013,3,1,16.0 ,3,3962,4095
91.3,1,8840,7865,1680,46,三梯九户,2013,1,2,29.2 ,3,3890,7865
144.2,1,13303,9722,382,55,四梯六户,2013,3,1,37.3 ,3,5225,8131
104.4,1,10628,12761,420,25,三梯六户,2013,3,1,16.9 ,7,3611,4701
101,2,8118,13357,290,6,一梯两户,2013,3,3,18.4 ,3,3830,4805
67.2,1,6588,8721,380,38,两梯十六户,2013,2,4,27.4 ,5,4066,6654
81.7,1,10227,8377,515,38,两梯十六户,2013,2,3,25.5 ,1,3149,4766
132.9,1,10356,10286,1300,32,两梯五户,2013,2,3,16.4 ,3,3107,5316
95.9,1,10511,10620,399,19,两梯八户,2013,1,2,20.5 ,3,4578,4483
79.5,1,7356,6569,500,38,两梯十六户,2013,2,1,30.8 ,3,3458,6630
67.2,1,6588,8721,380,38,两梯十六户,2013,2,4,27.4 ,5,4066,6654
98.9,2,6870,16373,560,7,一梯二梯,2013,1,2,18.6 ,3,6870,5005
94,1,9799,10915,375,19,两梯八户,2013,1,8,23.5 ,2,3491,4574
107.8,1,9560,11538,900,31,三梯四户,2013,1,1,16.6 ,3,4227,3924
152.7,1,11165,10450,780,30,四梯梯梯一梯户,2013,1,1,37.2 ,3,4275,9065
157.6,1,11555,13175,860,30,四梯梯梯一梯户,2013,1,1,39.7 ,3,4365,9280
147.4,1,12390,10910,450,55,四梯六户,2013,3,3,18.1 ,3,3960,4580
150,1,12480,10550,408,55,四梯六户,2013,3,4,19.6 ,7,3960,4770
150.6,1,12410,10550,500,55,四梯六户,2013,3,4,27.3 ,3,4830,5650
67.2,1,8067,6066,380,38,两梯十六户,2013,2,7,27.4 ,7,6654,4066
81.7,1,10254,7820,515,38,两梯十六户,2013,2,2,25.5 ,1,4766,5654
79.5,1,7203,6569,500,38,两梯十六户,2013,2,2,30.8 ,3,6630,3458
99,1,6946,13633,338,22,两梯八户,2013,3,2,16.4 ,3,3336,4230
82.4,1,15002,9660,303,22,两梯八户,2013,3,2,20.8 ,6,5335,3957
118,1,9898,13060,1050,30,三梯七户,2014,2,5,33.1 ,2,3740,9045
134.5,1,11144,11088,1550,45,三梯六梯,2014,1,2,17.7 ,3,4000,4423
113.5,1,11688,11125,283,18,二梯四梯梯,2014,3,3,17.0 ,3,4070,4480
112,1,9205,10910,293,18,二梯六梯,2014,3,8,19.2 ,2,3798,5040
120.8,1,10320,10899,338,18,二梯六梯,2014,3,6,13.6 ,2,3600,3860
68.3,1,9177,6620,219,15,四梯三十五户,2014,1,3,0.0 ,9,0,0
68.3,1,9177,6620,219,15,四梯三十五户,2014,1,6,17.6 ,8,3957,4350
118.7,1,13697,8640,410,33,一梯三梯,2014,3,4,19.7 ,3,4050,4861
120.1,1,13265,9310,370,22,一梯三梯,2014,3,8,16.0 ,4,4050,3964
116.5,1,10330,10970,360,33,一梯三梯,2014,3,2,20.1 ,3,4023,5000
120,1,13277,8682,330,33,二梯六梯,2014,3,4,19.7 ,3,4050,4861
116.5,1,10381,11377,368,33,二梯六梯,2014,3,2,21.2 ,3,4063,5206
118.5,1,1330,9120,380,33,二梯六梯,2014,3,4,19.3 ,3,4050,4827
118.5,1,9288,9466,380,33,二梯六梯,2014,3,8,18.5 ,7,4050,4623
84.5,1,9784,9762,285,22,二梯六梯,2014,3,2,16.0 ,3,3962,3194
118,1,12960,8740,365,33,二梯六梯,2014,3,4,17.5 ,3,4050,4320
134.5,1,11144,11865,1550,45,三梯六户,2014,2,1,37.9 ,1,4473,9859
98.7,1,10117,9124,320,19,一梯三梯,2014,3,7,19.9 ,6,5959,3343
118,1,9021,13080,10500,30,三梯七户,2014,2,8,33.1 ,4,3810,9388
92,1,5000,11450,182,27,三梯十户,2014,3,1,18.2 ,7,2953,6531
92,1,7233,11853,182,27,三梯十户,2014,3,1,17.1 ,7,2835,6058
118.1,1,13630,8115,235,33,三梯五户,2014,3,2,23.5 ,3,3990,5894
68.3,1,6620,9177,219,15,四梯五十三户,2014,1,4,17.3 ,1,3957,4350
124.1,1,10695,12675,226,17,二梯四梯梯,2014,3,2,24.0 ,3,3900,6410
87.6,1,9293,10975,338,32,三梯六梯,2014,3,1,13.2 ,7,3470,3817
89.4,1,11157,10700,335,32,三梯六梯,2014,3,1,13.8 ,7,3435,4007
87.5,1,8889,9189,338,32,三梯六梯,2014,3,1,12.6 ,7,3533,3580
68.3,1,6620,9177,219,15,四梯三十五户,2014,1,7,17.6 ,9,4050,4350
98.7,2,14343,8827,194,7,一梯四户,2014,3,6,29.8 ,4,5382,2940
198.1,1,11795,20247,2700,42,两梯两户,2014,1,3,46.9 ,3,5000,10449
144.4,1,11480,13878,1424,29,三梯三户,2014,1,5,23.9 ,3,4000,5978
151.9,1,11849,16420,1330,29,三梯三户,2014,1,4,26.8 ,3,4204,6384
137.9,1,12688,11145,398,11,两梯两户,2014,3,3,31.7 ,3,4196,7328
114.6,1,8415,12322,303,11,一梯两户,2014,3,3,30.9 ,3,3238,7463
94.5,1,9388,9980,362.5,38,两梯四户,2014,3,1,23.1 ,3,3496,6604
68.3,1,6720,9277,219,15,四梯三十五户,2014,1,7,9.6 ,8,2500,3840
92.2,1,9848,9829,560,12,二梯五梯,2014,1,1,20.7 ,3,5364,3457
92.2,1,9728,9829,560,12,两梯八户,2014,1,3,20.7 ,3,5364,3457
87.6,1,9767,11156,338,32,三梯六户,2014,3,2,12.9 ,7,3471,3800
98.3,1,9839,10450,443,17,两梯六户,2014,3,4,15.5 ,5,3776,4100
96.6,1,10105,10755,413.5,17,两梯六户,2014,3,8,17.1 ,6,4112,4165
60.2,1,8391,7126,568,29,两梯八户,2015,2,8,21.8 ,6,3232,5707
136.6,1,13668,10260,510,32,两梯三户,2015,3,8,15.3 ,2,3929,3897
125.5,1,12160,7197,1500,36,三梯六户,2015,1,2,0.0 ,9,0,0
77,1,6500,10820,178,25,八梯四十六户,2015,3,1,28.8 ,7,3600,6680
99.7,2,8580,10410,198,9,一梯六户,2015,3,3,17.5 ,3,4130,4240
141.7,1,15098,9653,1350,30,两梯三户,2015,1,1,38.2 ,3,4021,8024
89.5,1,7400,12452,740,31,三梯七户,2015,2,4,29.9 ,5,5677,8442
113,1,12963,8381,406,30,两梯六户,2015,2,4,20.2 ,5,3257,4780
113.8,1,13150,8533,400,30,两梯六户,2015,2,2,18.5 ,7,3322,4402
113.8,1,13515,8887,435,30,两梯六户,2015,2,1,20.8 ,3,3215,4980
113.7,1,13141,8581,365,30,两梯六户,2015,2,4,16.1 ,5,3805,4920
121.1,1,15071,11566,465,30,两梯六户,2015,2,2,13.4 ,1,4157,3755
127.8,1,13838,11227,508,30,两梯六户,2015,2,2,14.7 ,7,4247,4350
127.8,1,14070,11175,428,30,两梯六户,2015,2,4,18.0 ,5,4190,4535
127.8,1,14165,11326,438,30,两梯六户,2015,2,1,18.5 ,3,3530,4485
129.8,1,15290,9620,406,30,两梯六户,2015,2,2,18.7 ,1,3860,3260
141.4,1,12463,11757,1680,35,三梯五户,2015,2,7,18.1 ,4,4896,4547
115.4,1,9167,10900,1160,35,三梯五户,2015,2,1,15.9 ,7,3600,4427
85.8,1,6826,9392,182,31,未知,2015,3,2,11.4 ,3,3015,2866
146.6,1,11628,15690,295,15,一梯二梯,2015,3,4,29.0 ,3,6540,5825
89.5,1,12392,7400,740,31,三梯七户,2015,2,4,19.1 ,7,4769,4000
113.2,1,9844,11839,1200,35,两梯六户,2015,2,8,19.5 ,2,3903,4996
89.5,1,12452,7400,740,31,三梯七户,2015,2,4,29.9 ,9,7099,4202
130.5,1,13146,11209,520,32,两梯四户,2015,3,1,24.3 ,1,4238,5737
110,1,12105,8840,650,41,四梯十户,2015,1,3,39.5 ,1,6013,6635
158.3,1,13510,8205,768,41,四厅十户,2015,1,5,38.6 ,2,6515,6535
89.5,1,7400,12452,740,31,三梯七户,2015,2,4,15.9 ,8,4202,7099
141.7,1,15098,9653,1350,30,两梯三户,2015,1,1,38.2 ,3,4021,9502
66,1,6829,10157,160,21,三梯三十二户,2015,3,1,15.1 ,7,3582,4217
78.2,1,7370,9875,188,21,三梯三十二户,2015,3,2,9.4 ,7,3645,5760
93.9,1,11465,6875,310,31,两梯四户,2015,3,2,24.4 ,7,3235,6875
93.9,1,11465,8725,310,31,二梯四梯梯,2015,3,1,15.4 ,7,3235,4770
60.2,1,8391,7126,568,29,二梯八梯,2015,2,2,21.8 ,7,3232,7126
126,1,10685,105004,1090,33,二梯四梯梯,2015,2,1,31.3 ,3,3739,6676
91.9,1,9013,7671,270,12,一梯十户,2015,3,5,19.3 ,6,3127,4184
95,1,13843,7294,305,9,两梯十二户,2015,3,1,13.6 ,7,3880,3568
91.1,1,10323,8964,430,40,两梯四户,2015,3,4,21.3 ,3,5493,3853
145.2,1,10484,12440,1460,33,两梯四户,2015,1,7,40.1 ,4,3982,8986
107.4,1,8917,8816,918,34,二梯四梯梯,2016,1,4,16.3 ,1,3388,4816
136.6,1,13399,10269,580,32,两梯三户,2016,3,3,21.0 ,2,3911,5386
93.9,1,9627,9073,392,24,两梯五户,2016,3,1,11.0 ,3,3131,2994
119.1,1,11766,11763,489,24,两梯五户,2016,3,4,17.8 ,3,4210,4218
91.4,1,10479,9982,550,18,两梯四户,2016,1,4,21.1 ,3,3157,4320
125,1,9544,12626,995,34,两梯六户,2016,1,5,32.3 ,2,8299,3878
107.4,1,8751,12562,920,34,两梯四户,2016,1,8,28.2 ,8,1861,8657
112.5,1,7403,12207,598,38,四梯十八户,2016,2,1,32.7 ,5,3810,6763
110.4,1,9490,9996,243,31,两梯四户,2016,3,2,14.8 ,3,3569,4373
144.4,1,14745,9715,445,23,两梯三户,2016,3,1,38.4 ,3,4083,8365
119.2,1,9580,13299,510,11,一梯两户,2016,3,4,21.2 ,3,4884,4344
91.4,1,10479,9982,550,18,两梯四户,2016,1,4,21.1 ,7,3157,4995
68.7,1,8517,7257,400,16,两梯四户,2016,1,1,13.7 ,3,3078,2714
145,1,14697,11399,942.5,17,两梯两户,2016,1,4,25.5 ,7,4262,6601
97.6,1,10640,9789,400,21,俩梯四户,2016,3,4,17.8 ,7,3640,4877
98,1,10118,9916,255,31,两梯四户,2016,3,1,21.5 ,3,3622,5097
96.7,1,10172,10234,515,20,两梯八户,2016,1,4,24.2 ,3,4000,7261
96,1,8600,11300,697,27,两梯六户,2016,1,2,28.3 ,3,3200,6700
107.4,1,8751,11143,900,34,两梯四户,2016,1,6,28.2 ,8,3628,8657
112.8,1,6806,12508,850,34,两梯六户,2016,1,5,32.7 ,4,3647,9969
138.2,1,12599,8497,1200,34,两梯四户,2016,1,4,37.6 ,1,3766,8497
122.7,1,10867,10626,308,31,两梯四户,2016,3,1,18.7 ,3,3857,4676
96,2,8826,11425,697,27,二梯六梯,2016,1,1,28.3 ,3,3340,6769
117.5,1,10818,10009,279.8,31,两梯四户,2016,3,2,28.0 ,3,10818,6952
110,1,9590,10008,268,31,两梯四户,2016,3,2,0.0 ,9,0,0
96.7,1,10657,11219,515,20,两梯八户,2016,1,8,15.0 ,4,3391,2706
68.3,1,8418,6523,308,25,三梯十六户,2016,2,1,13.5 ,5,2731,4370
96,1,8669,10903,697,27,一梯比三梯,2016,1,1,28.3 ,3,2724,6797
106.2,1,9480,9860,350,46,四梯六户,2016,3,2,12.4 ,7,3510,3530
126.2,1,9590,11920,400,52,四梯六户,2016,3,1,16.5 ,3,3560,4630
146.4,1,12310,9200,480,54,四梯五户,2016,3,3,20.0 ,7,3.96,5390
96.7,1,10172,10234,515,20,两梯八户,2016,1,4,24.2 ,3,3333,7261
82.2,1,5000,8161,179,26,两梯六户,2017,3,2,18.1 ,3,3478,5761
82.2,1,9261,9673,179,26,两梯六户,2017,3,2,18.3 ,3,3478,5271
99.9,1,10378,9434,172.8,22,两梯六户,2017,3,3,29.0 ,3,5424,4103
91,1,8310,11392,220,23,两梯四户,2017,3,2,19.5 ,3,3472,5892
89.7,1,10436,8105,390,21,两梯八户,2017,1,4,23.8 ,5,3335,7138
101,1,11820,10172,338,11,二梯7,2017,3,2,17.8 ,3,3260,4565
93,1,9094,9797,378,33,三梯八梯,2017,3,1,13.6 ,7,3421,3972
93.1,1,8837,9938,420,33,三梯九梯,2017,3,2,13.2 ,3,3533,3650
94.5,1,8612,9802,450,33,三梯八梯,2017,3,2,13.1 ,3,3176,4260
90.6,1,11250,6715,228,29,四梯十户,2017,3,1,12.4 ,3,3345,3705
92.9,1,7882,10225,330,35,两梯六户,2017,3,2,14.6 ,3,3430,4265
89,1,9075,8525,435,21,三梯八户,2017,1,3,26.4 ,1,3253,7035
55.3,1,6166,6135,187,12,两梯五十七户,2017,1,1,24.4 ,3,4610,6255
92.9,1,9875,10343,280,10,四梯三十二户,2017,3,2,43.7 ,3,3838,5257
65,1,7700,10465,143,10,四梯三十二户,2017,3,1,21.0 ,7,5015,4110
70,1,7444,10444,155,9,一梯二十七户,2017,3,1,17.9 ,7,3683,4859
139.5,1,14435,11705,312,31,两梯三户,2017,3,3,46.7 ,3,5060,9880
96.8,1,11395,10460,303,26,三梯五户,2017,3,2,17.0 ,3,3540,4807
95.2,1,11592,9727,266,23,两梯五户,2017,3,3,14.7 ,7,3305,4437
91.2,1,11275,6866,205,29,四梯十户,2017,3,1,26.6 ,7,11275,6866
116.6,1,13612,9901,277,23,两梯四户,2017,3,2,28.3 ,3,13612,9901
91.9,1,10940,6950,228,29,四梯十户,2017,3,1,0.0 ,9,0,0
89,1,9275,9345,436,21,两梯八户,2017,1,3,15.6 ,1,3252,4744
85.6,1,9839,7167,578,9,一梯八户,2017,2,4,18.6 ,1,3498,7287
52.2,2,5366,7730,338,8,,2017,2,3,8.9 ,3,3024,2943
94.6,1,8992,8527,375,33,三梯十户,2017,3,1,11.2 ,7,3505,3195
94.5,1,8612,8370,450,33,三梯八户,2017,3,2,10.1 ,3,3176,3195
86,1,7933,11613,408,40,两梯四户,2017,3,2,25.7 ,3,2909,8351
89.7,1,9050,10436,390,21,两梯八户,2017,1,4,23.8 ,5,3335,7138
89,1,9075,8525,436,21,两梯八户,2017,1,3,26.4 ,1,3252,7035
99.1,1,7683,10512,650,39,二梯五梯,2018,1,2,19.9 ,3,3158,6310
109.8,1,10200,10700,667,19,两梯六户,2018,1,1,16.6 ,3,3706,4473
89,1,8821,10546,522,19,两梯六户,2018,1,1,14.0 ,7,3307,4857
98,1,10069,10598,266,36,一梯六户,2018,3,2,15.7 ,3,3591,4361
106.7,1,10247,12548,200,31,一梯六户,2018,3,2,13.0 ,3,3501,3720
109.8,1,10199,10273,667,19,两梯六户,2018,1,2,29.1 ,3,3706,8945
89.1,1,8539,10432,540,19,两梯六户,2018,1,2,14.6 ,7,3260,4305
89.5,1,7804,11867,580,29,三梯7,2018,1,1,27.7 ,1,5546,6709
109.8,1,10349,10999,667,19,两梯六户,2018,1,1,12.0 ,3,3706,3243
89,1,9021,10746,522,19,两梯六户,2018,1,2,10.0 ,7,1636,6250
99.1,1,7683,10512,650,39,两梯五户,2018,1,1,28.5 ,3,3158,9190
99.4,1,8990,13095,329,55,四梯六户,2019,3,1,29.2 ,3,5095,6766
66.2,1,5952,6936,228,30,一梯八梯,2020,3,3,9.0 ,5,3091,2910
